Airport_Code,Airport_Name,City,State,Year,totalclaims
ABE,"Lehigh Valley International Airport, Allentown",Allentown,PA,2013,9
ABE,"Lehigh Valley International Airport, Allentown",Allentown,PA,2014,3
ABE,"Lehigh Valley International Airport, Allentown",Allentown,PA,2015,4
ABE,"Lehigh Valley International Airport, Allentown",Allentown,PA,2016,5
ABE,"Lehigh Valley International Airport, Allentown",Allentown,PA,2017,3
ABI,Abilene Regional,Abilene,TX,2013,4
ABI,Abilene Regional,Abilene,TX,2014,6
ABI,Abilene Regional,Abilene,TX,2015,2
ABQ,Albuquerque International Sunport Airport,Albuquerque,NM,2013,39
ABQ,Albuquerque International Sunport Airport,Albuquerque,NM,2014,33
ABQ,Albuquerque International Sunport Airport,Albuquerque,NM,2015,16
ABQ,Albuquerque International Sunport Airport,Albuquerque,NM,2016,28
ABQ,Albuquerque International Sunport Airport,Albuquerque,NM,2017,44
ABR,Aberdeen Regional Airport,Aberdeen,SD,2013,1
ABR,Aberdeen Regional Airport,Aberdeen,SD,2015,4
ABY,Southwest Georgia Regional Airport,Albany,GA,2016,2
ABY,Southwest Georgia Regional Airport,Albany,GA,2017,1
ACK,Nantucket Memorial Airport,Nantucket,MA,2013,2
ACK,Nantucket Memorial Airport,Nantucket,MA,2014,2
ACK,Nantucket Memorial Airport,Nantucket,MA,2015,1
ACK,Nantucket Memorial Airport,Nantucket,MA,2016,2
ACT,Waco Regional Airport,Waco,TX,2013,2
ACT,Waco Regional Airport,Waco,TX,2014,2
ACT,Waco Regional Airport,Waco,TX,2015,1
ACT,Waco Regional Airport,Waco,TX,2016,2
ACT,Waco Regional Airport,Waco,TX,2017,6
ACV,Arcata-Eureka,Arcata/Eureka,CA,2015,1
ACV,Arcata-Eureka,Arcata/Eureka,CA,2016,2
ACY,Atlantic City International,Atlantic City,NJ,2013,11
ACY,Atlantic City International,Atlantic City,NJ,2014,8
ACY,Atlantic City International,Atlantic City,NJ,2015,6
ACY,Atlantic City International,Atlantic City,NJ,2016,6
ACY,Atlantic City International,Atlantic City,NJ,2017,7
ADK,Adak Mitchell Field Airport,Adak Island,AK,2015,1
ADK,Adak Mitchell Field Airport,Adak Island,AK,2017,1
ADQ,Kodiak State Airport,Kodiak,AK,2014,1
ADQ,Kodiak State Airport,Kodiak,AK,2015,1
AEX,Alexandria International Airport,Alexandria,LA,2013,3
AEX,Alexandria International Airport,Alexandria,LA,2014,1
AEX,Alexandria International Airport,Alexandria,LA,2016,1
AEX,Alexandria International Airport,Alexandria,LA,2017,1
AGS,Bush Field,Augusta,GA,2013,3
AGS,Bush Field,Augusta,GA,2015,3
AGS,Bush Field,Augusta,GA,2016,2
AGS,Bush Field,Augusta,GA,2017,5
AIA,Alliance Municipal Airport,Alliance,NE,2017,1
AKN,King Salmon,King Salmon,AK,2017,1
ALB,Albany International,Albany,NY,2013,22
ALB,Albany International,Albany,NY,2014,21
ALB,Albany International,Albany,NY,2015,22
ALB,Albany International,Albany,NY,2016,18
ALB,Albany International,Albany,NY,2017,17
ALO,Waterloo Municipal Airport,Waterloo,IA,2013,3
ALO,Waterloo Municipal Airport,Waterloo,IA,2015,2
ALW,Walla Walla Regional Airport,Walla Walla,WA,2014,1
ALW,Walla Walla Regional Airport,Walla Walla,WA,2015,2
ALW,Walla Walla Regional Airport,Walla Walla,WA,2016,3
ALW,Walla Walla Regional Airport,Walla Walla,WA,2017,1
AMA,Rick Husband Amarillo International Airport,Amarillo,TX,2013,4
AMA,Rick Husband Amarillo International Airport,Amarillo,TX,2014,2
AMA,Rick Husband Amarillo International Airport,Amarillo,TX,2015,2
AMA,Rick Husband Amarillo International Airport,Amarillo,TX,2016,2
AMA,Rick Husband Amarillo International Airport,Amarillo,TX,2017,4
ANC,Ted Stevens Anchorage International Airport,Anchorage,AK,2013,32
ANC,Ted Stevens Anchorage International Airport,Anchorage,AK,2014,27
ANC,Ted Stevens Anchorage International Airport,Anchorage,AK,2015,30
ANC,Ted Stevens Anchorage International Airport,Anchorage,AK,2016,25
ANC,Ted Stevens Anchorage International Airport,Anchorage,AK,2017,29
APN,Alpena County Regional Airport,Alpena,MI,2013,1
APN,Alpena County Regional Airport,Alpena,MI,2015,1
ART,Watertown International,Watertown,NY,2013,1
ART,Watertown International,Watertown,NY,2016,1
ART,Watertown International,Watertown,NY,2017,2
ASE,Aspen Pitkin County Sardy Field,Aspen,CO,2013,1
ASE,Aspen Pitkin County Sardy Field,Aspen,CO,2014,2
ASE,Aspen Pitkin County Sardy Field,Aspen,CO,2015,4
ASE,Aspen Pitkin County Sardy Field,Aspen,CO,2016,5
ASE,Aspen Pitkin County Sardy Field,Aspen,CO,2017,5
ATL,Hartsfield-Jackson Atlanta International Airport,Atlanta,GA,2013,318
ATL,Hartsfield-Jackson Atlanta International Airport,Atlanta,GA,2014,305
ATL,Hartsfield-Jackson Atlanta International Airport,Atlanta,GA,2015,332
ATL,Hartsfield-Jackson Atlanta International Airport,Atlanta,GA,2016,352
ATL,Hartsfield-Jackson Atlanta International Airport,Atlanta,GA,2017,377
ATW,Outagamie County,Appleton,WI,2013,1
ATW,Outagamie County,Appleton,WI,2014,3
ATW,Outagamie County,Appleton,WI,2015,2
ATW,Outagamie County,Appleton,WI,2016,1
ATW,Outagamie County,Appleton,WI,2017,1
AUS,Austin-Bergstrom International Airport,Austin,TX,2013,68
AUS,Austin-Bergstrom International Airport,Austin,TX,2014,80
AUS,Austin-Bergstrom International Airport,Austin,TX,2015,54
AUS,Austin-Bergstrom International Airport,Austin,TX,2016,56
AUS,Austin-Bergstrom International Airport,Austin,TX,2017,70
AVL,Asheville Regional Airport,Asheville,NC,2013,9
AVL,Asheville Regional Airport,Asheville,NC,2014,4
AVL,Asheville Regional Airport,Asheville,NC,2015,5
AVL,Asheville Regional Airport,Asheville,NC,2016,5
AVL,Asheville Regional Airport,Asheville,NC,2017,4
AVP,Wilkes-Barre/Scranton International,Wilkes-Barre/Scranton,PA,2013,4
AVP,Wilkes-Barre/Scranton International,Wilkes-Barre/Scranton,PA,2014,3
AVP,Wilkes-Barre/Scranton International,Wilkes-Barre/Scranton,PA,2015,1
AVP,Wilkes-Barre/Scranton International,Wilkes-Barre/Scranton,PA,2016,3
AVP,Wilkes-Barre/Scranton International,Wilkes-Barre/Scranton,PA,2017,3
AZO,Kalamazoo/Battle Creek International,Kalamazoo,MI,2013,2
AZO,Kalamazoo/Battle Creek International,Kalamazoo,MI,2014,1
AZO,Kalamazoo/Battle Creek International,Kalamazoo,MI,2015,1
AZO,Kalamazoo/Battle Creek International,Kalamazoo,MI,2016,2
AZO,Kalamazoo/Battle Creek International,Kalamazoo,MI,2017,1
BDL,Bradley International Airport,Windsor Locks,CT,2013,35
BDL,Bradley International Airport,Windsor Locks,CT,2014,42
BDL,Bradley International Airport,Windsor Locks,CT,2015,34
BDL,Bradley International Airport,Windsor Locks,CT,2016,37
BDL,Bradley International Airport,Windsor Locks,CT,2017,36
BFD,Bradford Regional,Bradford,PA,2017,1
BFF,West Nebraska Regional - William Heilig Field,Scottsbluff,NE,2017,1
BFL,"Meadows Field, Bakersfield Airport",Bakersfield,CA,2013,4
BFL,"Meadows Field, Bakersfield Airport",Bakersfield,CA,2014,3
BFL,"Meadows Field, Bakersfield Airport",Bakersfield,CA,2015,3
BFL,"Meadows Field, Bakersfield Airport",Bakersfield,CA,2016,1
BGM,Greater Binghamton Airport,Binghamton,NY,2013,4
BGM,Greater Binghamton Airport,Binghamton,NY,2015,1
BGM,Greater Binghamton Airport,Binghamton,NY,2016,1
BGM,Greater Binghamton Airport,Binghamton,NY,2017,1
BGR,Bangor International Airport,Bangor,ME,2013,3
BGR,Bangor International Airport,Bangor,ME,2014,3
BGR,Bangor International Airport,Bangor,ME,2015,3
BGR,Bangor International Airport,Bangor,ME,2017,4
BHB,Hancock County Bar Harbor,Bar Harbor,ME,2013,1
BHB,Hancock County Bar Harbor,Bar Harbor,ME,2016,1
BHM,Birmingham International Airport,Birmingham,AL,2013,13
BHM,Birmingham International Airport,Birmingham,AL,2014,15
BHM,Birmingham International Airport,Birmingham,AL,2015,9
BHM,Birmingham International Airport,Birmingham,AL,2016,14
BHM,Birmingham International Airport,Birmingham,AL,2017,8
BIL,"Billings, MT",Billings,MT,2013,7
BIL,"Billings, MT",Billings,MT,2014,2
BIL,"Billings, MT",Billings,MT,2015,5
BIL,"Billings, MT",Billings,MT,2016,9
BIL,"Billings, MT",Billings,MT,2017,4
BIS,Bismarck Municipal,Bismarck,ND,2013,1
BIS,Bismarck Municipal,Bismarck,ND,2014,1
BIS,Bismarck Municipal,Bismarck,ND,2015,2
BIS,Bismarck Municipal,Bismarck,ND,2016,3
BIS,Bismarck Municipal,Bismarck,ND,2017,1
BJI,"Bemidji, MN",Bemidji,MN,2013,3
BJI,"Bemidji, MN",Bemidji,MN,2014,2
BJI,"Bemidji, MN",Bemidji,MN,2015,2
BJI,"Bemidji, MN",Bemidji,MN,2016,1
BKG,Branson Airport,Unknown,Unknown,2013,4
BLI,Bellingham International,Bellingham,WA,2013,6
BLI,Bellingham International,Bellingham,WA,2014,5
BLI,Bellingham International,Bellingham,WA,2015,2
BLI,Bellingham International,Bellingham,WA,2016,3
BLI,Bellingham International,Bellingham,WA,2017,2
BLV,Midamerica Airport,Belleville,IL,2013,1
BLV,Midamerica Airport,Belleville,IL,2014,2
BLV,Midamerica Airport,Belleville,IL,2015,1
BLV,Midamerica Airport,Belleville,IL,2017,2
BMI,Bloomington-Normal Airport,Bloomington/Normal,IL,2013,3
BMI,Bloomington-Normal Airport,Bloomington/Normal,IL,2014,4
BMI,Bloomington-Normal Airport,Bloomington/Normal,IL,2015,3
BMI,Bloomington-Normal Airport,Bloomington/Normal,IL,2017,1
BNA,Nashville International,Nashville,TN,2013,48
BNA,Nashville International,Nashville,TN,2014,42
BNA,Nashville International,Nashville,TN,2015,51
BNA,Nashville International,Nashville,TN,2016,54
BNA,Nashville International,Nashville,TN,2017,53
BOI,Boise Air Terminal/Gowen Field,Boise,ID,2013,12
BOI,Boise Air Terminal/Gowen Field,Boise,ID,2014,12
BOI,Boise Air Terminal/Gowen Field,Boise,ID,2015,10
BOI,Boise Air Terminal/Gowen Field,Boise,ID,2016,15
BOI,Boise Air Terminal/Gowen Field,Boise,ID,2017,18
BOS,Boston (Logan) International Airport,Boston,MA,2013,272
BOS,Boston (Logan) International Airport,Boston,MA,2014,223
BOS,Boston (Logan) International Airport,Boston,MA,2015,195
BOS,Boston (Logan) International Airport,Boston,MA,2016,204
BOS,Boston (Logan) International Airport,Boston,MA,2017,207
BPT,Southeast Texas Regional,Beaumont/Port Arthur,TX,2013,1
BPT,Southeast Texas Regional,Beaumont/Port Arthur,TX,2014,1
BQK,Glynco Jetport,Brunswick,GA,2014,2
BQK,Glynco Jetport,Brunswick,GA,2015,2
BQK,Glynco Jetport,Brunswick,GA,2016,5
BQK,Glynco Jetport,Brunswick,GA,2017,2
BQN,Rafael Hernandez,Aguadilla,PR,2013,2
BQN,Rafael Hernandez,Aguadilla,PR,2014,5
BQN,Rafael Hernandez,Aguadilla,PR,2015,2
BQN,Rafael Hernandez,Aguadilla,PR,2016,5
BQN,Rafael Hernandez,Aguadilla,PR,2017,1
BRD,"Brainerd, MN",Brainerd,MN,2014,1
BRD,"Brainerd, MN",Brainerd,MN,2015,1
BRD,"Brainerd, MN",Brainerd,MN,2016,3
BRD,"Brainerd, MN",Brainerd,MN,2017,1
BRL,Southeast Iowa Regional,Burlington,IA,2013,1
BRO,Brownsville/South Padre International,Brownsville,TX,2013,1
BRO,Brownsville/South Padre International,Brownsville,TX,2014,1
BRW,Wiley Post/Will Rogers Memorial,Barrow,AK,2017,1
BTM,Bert Mooney,Butte,MT,2016,1
BTM,Bert Mooney,Butte,MT,2017,1
BTR,Baton Rouge Metropolitan,Baton Rouge,LA,2013,4
BTR,Baton Rouge Metropolitan,Baton Rouge,LA,2014,6
BTR,Baton Rouge Metropolitan,Baton Rouge,LA,2015,3
BTR,Baton Rouge Metropolitan,Baton Rouge,LA,2016,4
BTR,Baton Rouge Metropolitan,Baton Rouge,LA,2017,4
BTV,"Burlington, VT",Burlington,VT,2013,11
BTV,"Burlington, VT",Burlington,VT,2014,12
BTV,"Burlington, VT",Burlington,VT,2015,6
BTV,"Burlington, VT",Burlington,VT,2016,5
BTV,"Burlington, VT",Burlington,VT,2017,2
BUF,Buffalo Niagara International,Buffalo,NY,2013,41
BUF,Buffalo Niagara International,Buffalo,NY,2014,27
BUF,Buffalo Niagara International,Buffalo,NY,2015,22
BUF,Buffalo Niagara International,Buffalo,NY,2016,15
BUF,Buffalo Niagara International,Buffalo,NY,2017,26
BUR,Bob Hope,Burbank,CA,2013,21
BUR,Bob Hope,Burbank,CA,2014,19
BUR,Bob Hope,Burbank,CA,2015,15
BUR,Bob Hope,Burbank,CA,2016,25
BUR,Bob Hope,Burbank,CA,2017,22
BWI,Baltimore/Washington Intl Thurgood Marshall,Baltimore,MD,2013,147
BWI,Baltimore/Washington Intl Thurgood Marshall,Baltimore,MD,2014,129
BWI,Baltimore/Washington Intl Thurgood Marshall,Baltimore,MD,2015,105
BWI,Baltimore/Washington Intl Thurgood Marshall,Baltimore,MD,2016,122
BWI,Baltimore/Washington Intl Thurgood Marshall,Baltimore,MD,2017,128
BZN,Bozeman Yellowstone International Airport,Bozeman,MT,2013,7
BZN,Bozeman Yellowstone International Airport,Bozeman,MT,2014,4
BZN,Bozeman Yellowstone International Airport,Bozeman,MT,2015,1
BZN,Bozeman Yellowstone International Airport,Bozeman,MT,2016,3
BZN,Bozeman Yellowstone International Airport,Bozeman,MT,2017,3
CAE,Columbia Metropolitan,Columbia,SC,2013,6
CAE,Columbia Metropolitan,Columbia,SC,2014,4
CAE,Columbia Metropolitan,Columbia,SC,2015,4
CAE,Columbia Metropolitan,Columbia,SC,2016,6
CAE,Columbia Metropolitan,Columbia,SC,2017,3
CAK,Akron-Canton Regional,Akron,OH,2013,8
CAK,Akron-Canton Regional,Akron,OH,2014,6
CAK,Akron-Canton Regional,Akron,OH,2015,8
CAK,Akron-Canton Regional,Akron,OH,2016,7
CAK,Akron-Canton Regional,Akron,OH,2017,7
CDC,Cedar City Municipal,Cedar City,UT,2013,1
CDC,Cedar City Municipal,Cedar City,UT,2014,2
CDV,Merle K (Mudhole) Smith,Cordova,AK,2016,1
CEC,Crescent City,Crescent City,CA,2013,1
CEZ,Cortez Municipal,Cortez,CO,2013,1
CHA,Chattanooga Metropolitan,Chattanooga,TN,2013,5
CHA,Chattanooga Metropolitan,Chattanooga,TN,2014,2
CHA,Chattanooga Metropolitan,Chattanooga,TN,2015,4
CHA,Chattanooga Metropolitan,Chattanooga,TN,2016,4
CHA,Chattanooga Metropolitan,Chattanooga,TN,2017,1
CHO,Charlottesville / Albemarle,Charlottesville,VA,2013,10
CHO,Charlottesville / Albemarle,Charlottesville,VA,2016,2
CHO,Charlottesville / Albemarle,Charlottesville,VA,2017,2
CHS,Charleston International,Charleston,SC,2013,21
CHS,Charleston International,Charleston,SC,2014,17
CHS,Charleston International,Charleston,SC,2015,29
CHS,Charleston International,Charleston,SC,2016,23
CHS,Charleston International,Charleston,SC,2017,23
CIC,Chico Municipal,Chico,CA,2013,1
CID,Eastern Iowa,Cedar Rapids,IA,2013,9
CID,Eastern Iowa,Cedar Rapids,IA,2014,6
CID,Eastern Iowa,Cedar Rapids,IA,2015,3
CID,Eastern Iowa,Cedar Rapids,IA,2016,5
CID,Eastern Iowa,Cedar Rapids,IA,2017,1
CIU,Chippewa County International,Sault Ste Marie,MI,2016,2
CIU,Chippewa County International,Sault Ste Marie,MI,2017,1
CKB,Harrison Marion Regional,Clarksburg,WV,2013,1
CKB,Harrison Marion Regional,Clarksburg,WV,2015,3
CKB,Harrison Marion Regional,Clarksburg,WV,2017,2
CLE,Cleveland Hopkins International,Cleveland,OH,2013,22
CLE,Cleveland Hopkins International,Cleveland,OH,2014,56
CLE,Cleveland Hopkins International,Cleveland,OH,2015,55
CLE,Cleveland Hopkins International,Cleveland,OH,2016,62
CLE,Cleveland Hopkins International,Cleveland,OH,2017,74
CLL,"Easterwood/College Station, TX",College Station,TX,2013,3
CLL,"Easterwood/College Station, TX",College Station,TX,2014,4
CLL,"Easterwood/College Station, TX",College Station,TX,2015,1
CLL,"Easterwood/College Station, TX",College Station,TX,2016,2
CLT,Charlotte/Douglas International Airport,Charlotte,NC,2013,132
CLT,Charlotte/Douglas International Airport,Charlotte,NC,2014,109
CLT,Charlotte/Douglas International Airport,Charlotte,NC,2015,97
CLT,Charlotte/Douglas International Airport,Charlotte,NC,2016,140
CLT,Charlotte/Douglas International Airport,Charlotte,NC,2017,103
CMH,John Glenn Columbus International,Columbus,OH,2013,30
CMH,John Glenn Columbus International,Columbus,OH,2014,34
CMH,John Glenn Columbus International,Columbus,OH,2015,36
CMH,John Glenn Columbus International,Columbus,OH,2016,30
CMH,John Glenn Columbus International,Columbus,OH,2017,30
CMI,University of Illinois-Willard,Champaign/Urbana,IL,2014,1
CMI,University of Illinois-Willard,Champaign/Urbana,IL,2015,2
CMI,University of Illinois-Willard,Champaign/Urbana,IL,2016,1
CMX,Houghton County Memorial,Hancock,MI,2014,1
CMX,Houghton County Memorial,Hancock,MI,2016,1
CMX,Houghton County Memorial,Hancock,MI,2017,1
COD,Yellowstone Regional,Cody,WY,2013,1
COD,Yellowstone Regional,Cody,WY,2014,1
COD,Yellowstone Regional,Cody,WY,2015,1
COD,Yellowstone Regional,Cody,WY,2016,1
COS,Colorado Springs Municipal,Colorado Springs,CO,2013,18
COS,Colorado Springs Municipal,Colorado Springs,CO,2014,6
COS,Colorado Springs Municipal,Colorado Springs,CO,2015,6
COS,Colorado Springs Municipal,Colorado Springs,CO,2016,9
COS,Colorado Springs Municipal,Colorado Springs,CO,2017,6
COU,"Columbia, MO",Columbia,MO,2014,2
COU,"Columbia, MO",Columbia,MO,2016,1
COU,"Columbia, MO",Columbia,MO,2017,2
CPR,Natrona International,Casper,WY,2013,1
CPR,Natrona International,Casper,WY,2014,2
CPR,Natrona International,Casper,WY,2016,2
CPR,Natrona International,Casper,WY,2017,1
CRP,Corpus Christi International,Corpus Christi,TX,2013,6
CRP,Corpus Christi International,Corpus Christi,TX,2014,6
CRP,Corpus Christi International,Corpus Christi,TX,2015,5
CRP,Corpus Christi International,Corpus Christi,TX,2016,3
CRP,Corpus Christi International,Corpus Christi,TX,2017,2
CRW,"Yeager, Charleston",Charleston,WV,2013,1
CRW,"Yeager, Charleston",Charleston,WV,2014,2
CRW,"Yeager, Charleston",Charleston,WV,2015,1
CSG,Columbus Metroplitan,Columbus,GA,2013,1
CSG,Columbus Metroplitan,Columbus,GA,2014,1
CSG,Columbus Metroplitan,Columbus,GA,2015,1
CSG,Columbus Metroplitan,Columbus,GA,2016,1
CSG,Columbus Metroplitan,Columbus,GA,2017,5
CVG,Cincinnati/Northern Kentucky International,Covington,KY,2013,33
CVG,Cincinnati/Northern Kentucky International,Covington,KY,2014,24
CVG,Cincinnati/Northern Kentucky International,Covington,KY,2015,28
CVG,Cincinnati/Northern Kentucky International,Covington,KY,2016,21
CVG,Cincinnati/Northern Kentucky International,Covington,KY,2017,15
CWA,Central Wisconsin Regional,Mosinee,WI,2013,2
CWA,Central Wisconsin Regional,Mosinee,WI,2014,2
CWA,Central Wisconsin Regional,Mosinee,WI,2015,1
CWA,Central Wisconsin Regional,Mosinee,WI,2016,1
CYS,Cheyenne Regional Airport - Jerry Olson Field,Cheyenne,WY,2014,1
CYS,Cheyenne Regional Airport - Jerry Olson Field,Cheyenne,WY,2017,1
DAB,Daytona Beach International,Daytona Beach,FL,2013,3
DAB,Daytona Beach International,Daytona Beach,FL,2014,4
DAB,Daytona Beach International,Daytona Beach,FL,2015,8
DAB,Daytona Beach International,Daytona Beach,FL,2016,3
DAB,Daytona Beach International,Daytona Beach,FL,2017,4
DAL,Dallas Love Field,Dallas,TX,2013,31
DAL,Dallas Love Field,Dallas,TX,2014,37
DAL,Dallas Love Field,Dallas,TX,2015,62
DAL,Dallas Love Field,Dallas,TX,2016,55
DAL,Dallas Love Field,Dallas,TX,2017,59
DAY,James M. Cox Dayton International,Dayton,OH,2013,8
DAY,James M. Cox Dayton International,Dayton,OH,2014,9
DAY,James M. Cox Dayton International,Dayton,OH,2015,13
DAY,James M. Cox Dayton International,Dayton,OH,2016,11
DAY,James M. Cox Dayton International,Dayton,OH,2017,6
DBQ,Dubuque Regional,Dubuque,IA,2015,1
DBQ,Dubuque Regional,Dubuque,IA,2017,3
DCA,Ronald Reagan Washington National Airport,Washington,DC,2013,80
DCA,Ronald Reagan Washington National Airport,Washington,DC,2014,81
DCA,Ronald Reagan Washington National Airport,Washington,DC,2015,92
DCA,Ronald Reagan Washington National Airport,Washington,DC,2016,94
DCA,Ronald Reagan Washington National Airport,Washington,DC,2017,100
DEN,Denver International Airport,Denver,CO,2013,202
DEN,Denver International Airport,Denver,CO,2014,167
DEN,Denver International Airport,Denver,CO,2015,161
DEN,Denver International Airport,Denver,CO,2016,158
DEN,Denver International Airport,Denver,CO,2017,163
DFW,Dallas-Fort Worth International Airport,Dallas-Fort Worth,TX,2013,214
DFW,Dallas-Fort Worth International Airport,Dallas-Fort Worth,TX,2014,195
DFW,Dallas-Fort Worth International Airport,Dallas-Fort Worth,TX,2015,163
DFW,Dallas-Fort Worth International Airport,Dallas-Fort Worth,TX,2016,218
DFW,Dallas-Fort Worth International Airport,Dallas-Fort Worth,TX,2017,229
DHN,Dothan Regional Airport,Dothan,AL,2013,1
DHN,Dothan Regional Airport,Dothan,AL,2015,6
DIK,Dickinson Theodore Roosevelt Regional Airport,Dickinson,ND,2013,1
DIK,Dickinson Theodore Roosevelt Regional Airport,Dickinson,ND,2014,1
DIK,Dickinson Theodore Roosevelt Regional Airport,Dickinson,ND,2015,1
DIK,Dickinson Theodore Roosevelt Regional Airport,Dickinson,ND,2016,1
DIK,Dickinson Theodore Roosevelt Regional Airport,Dickinson,ND,2017,1
DLG,Dillingham,Dillingham,AK,2017,1
DLH,"Duluth, MN",Duluth,MN,2014,4
DLH,"Duluth, MN",Duluth,MN,2015,1
DRO,"Durango - La Plata County, CO",Durango,CO,2013,4
DRO,"Durango - La Plata County, CO",Durango,CO,2015,3
DRO,"Durango - La Plata County, CO",Durango,CO,2016,2
DRO,"Durango - La Plata County, CO",Durango,CO,2017,4
DSM,Des Moines International,Des Moines,IA,2013,10
DSM,Des Moines International,Des Moines,IA,2014,15
DSM,Des Moines International,Des Moines,IA,2015,9
DSM,Des Moines International,Des Moines,IA,2016,13
DSM,Des Moines International,Des Moines,IA,2017,7
DTW,Detroit Metropolitan Wayne County Airport,Detroit,MI,2013,59
DTW,Detroit Metropolitan Wayne County Airport,Detroit,MI,2014,74
DTW,Detroit Metropolitan Wayne County Airport,Detroit,MI,2015,57
DTW,Detroit Metropolitan Wayne County Airport,Detroit,MI,2016,104
DTW,Detroit Metropolitan Wayne County Airport,Detroit,MI,2017,109
DVL,"Devils Lake Municipal Airport, Knoke Field",Devils Lake,ND,2016,1
EAT,Pangborn Memorial,Wenatchee,WA,2013,3
EAT,Pangborn Memorial,Wenatchee,WA,2014,2
EAT,Pangborn Memorial,Wenatchee,WA,2015,4
EAT,Pangborn Memorial,Wenatchee,WA,2016,1
EAU,Chippewa Valley Regional Airport,Eau Claire,WI,2013,1
EAU,Chippewa Valley Regional Airport,Eau Claire,WI,2014,1
EAU,Chippewa Valley Regional Airport,Eau Claire,WI,2015,1
EAU,Chippewa Valley Regional Airport,Eau Claire,WI,2016,2
EAU,Chippewa Valley Regional Airport,Eau Claire,WI,2017,1
ECP,Northwest Florida Beaches International Airport,Panama City,FL,2013,4
ECP,Northwest Florida Beaches International Airport,Panama City,FL,2014,3
ECP,Northwest Florida Beaches International Airport,Panama City,FL,2015,2
ECP,Northwest Florida Beaches International Airport,Panama City,FL,2016,6
ECP,Northwest Florida Beaches International Airport,Panama City,FL,2017,9
EGE,Eagle County Regional,Eagle,CO,2013,3
EGE,Eagle County Regional,Eagle,CO,2014,5
EGE,Eagle County Regional,Eagle,CO,2015,4
EGE,Eagle County Regional,Eagle,CO,2017,4
EKO,Elko Regional,Elko,NV,2014,2
EKO,Elko Regional,Elko,NV,2015,2
EKO,Elko Regional,Elko,NV,2017,1
ELM,Elmira Corning International,Elmira/Corning,NY,2013,1
ELM,Elmira Corning International,Elmira/Corning,NY,2014,3
ELM,Elmira Corning International,Elmira/Corning,NY,2015,5
ELM,Elmira Corning International,Elmira/Corning,NY,2016,1
ELP,El Paso International Airport,El Paso,TX,2013,13
ELP,El Paso International Airport,El Paso,TX,2014,13
ELP,El Paso International Airport,El Paso,TX,2015,17
ELP,El Paso International Airport,El Paso,TX,2016,21
ELP,El Paso International Airport,El Paso,TX,2017,15
ENA,Kenai Municipal Airport,Kenai,AK,2013,1
ENV,Wendover Municipal Airport,Wendover,UT,2013,1
ENV,Wendover Municipal Airport,Wendover,UT,2014,3
ENV,Wendover Municipal Airport,Wendover,UT,2017,3
ERI,Erie International,Erie,PA,2013,1
ERI,Erie International,Erie,PA,2014,1
ERI,Erie International,Erie,PA,2015,2
ERI,Erie International,Erie,PA,2017,1
ESC,Delta County,Escanaba,MI,2013,3
ESC,Delta County,Escanaba,MI,2017,1
EUG,Eugene Airport/Mahlon Sweet Field,Eugene,OR,2013,15
EUG,Eugene Airport/Mahlon Sweet Field,Eugene,OR,2014,5
EUG,Eugene Airport/Mahlon Sweet Field,Eugene,OR,2015,4
EUG,Eugene Airport/Mahlon Sweet Field,Eugene,OR,2016,2
EUG,Eugene Airport/Mahlon Sweet Field,Eugene,OR,2017,4
EVV,Evansville Regional Airport,Evansville,IN,2013,1
EVV,Evansville Regional Airport,Evansville,IN,2014,1
EVV,Evansville Regional Airport,Evansville,IN,2015,1
EVV,Evansville Regional Airport,Evansville,IN,2016,2
EVV,Evansville Regional Airport,Evansville,IN,2017,2
EWN,Craven County Regional,New Bern,NC,2013,2
EWN,Craven County Regional,New Bern,NC,2014,3
EWN,Craven County Regional,New Bern,NC,2015,3
EWN,Craven County Regional,New Bern,NC,2016,1
EWN,Craven County Regional,New Bern,NC,2017,2
EWR,Newark International Airport,Newark,NJ,2013,353
EWR,Newark International Airport,Newark,NJ,2014,322
EWR,Newark International Airport,Newark,NJ,2015,286
EWR,Newark International Airport,Newark,NJ,2016,297
EWR,Newark International Airport,Newark,NJ,2017,298
EYW,Key West International Airport,Key West,FL,2013,2
EYW,Key West International Airport,Key West,FL,2014,1
EYW,Key West International Airport,Key West,FL,2015,1
EYW,Key West International Airport,Key West,FL,2016,1
EYW,Key West International Airport,Key West,FL,2017,1
F,Foreign airport,Unknown,Unknown,2013,87
F,Foreign airport,Unknown,Unknown,2014,116
F,Foreign airport,Unknown,Unknown,2015,92
F,Foreign airport,Unknown,Unknown,2016,83
F,Foreign airport,Unknown,Unknown,2017,83
FAI,Fairbanks International,Fairbanks,AK,2013,8
FAI,Fairbanks International,Fairbanks,AK,2014,4
FAI,Fairbanks International,Fairbanks,AK,2015,3
FAI,Fairbanks International,Fairbanks,AK,2016,12
FAI,Fairbanks International,Fairbanks,AK,2017,8
FAR,Hector International,Fargo,ND,2013,4
FAR,Hector International,Fargo,ND,2014,6
FAR,Hector International,Fargo,ND,2016,4
FAR,Hector International,Fargo,ND,2017,2
FAT,Fresno Yosemite International,Fresno,CA,2013,8
FAT,Fresno Yosemite International,Fresno,CA,2014,5
FAT,Fresno Yosemite International,Fresno,CA,2015,11
FAT,Fresno Yosemite International,Fresno,CA,2016,3
FAT,Fresno Yosemite International,Fresno,CA,2017,4
FAY,Fayetteville Regional,Fayetteville,NC,2013,1
FAY,Fayetteville Regional,Fayetteville,NC,2014,5
FAY,Fayetteville Regional,Fayetteville,NC,2015,3
FAY,Fayetteville Regional,Fayetteville,NC,2016,1
FAY,Fayetteville Regional,Fayetteville,NC,2017,3
FLG,Flagstaff Pulliam,Flagstaff,AZ,2013,1
FLG,Flagstaff Pulliam,Flagstaff,AZ,2014,2
FLG,Flagstaff Pulliam,Flagstaff,AZ,2017,3
FLL,Ft. Lauderdale-Hollywood International,Fort Lauderdale,FL,2013,196
FLL,Ft. Lauderdale-Hollywood International,Fort Lauderdale,FL,2014,199
FLL,Ft. Lauderdale-Hollywood International,Fort Lauderdale,FL,2015,152
FLL,Ft. Lauderdale-Hollywood International,Fort Lauderdale,FL,2016,206
FLL,Ft. Lauderdale-Hollywood International,Fort Lauderdale,FL,2017,239
FLO,Florence Regional,Florence,SC,2013,2
FLO,Florence Regional,Florence,SC,2014,1
FLO,Florence Regional,Florence,SC,2016,1
FLO,Florence Regional,Florence,SC,2017,1
FNT,"Bishop International, Flint",Flint,MI,2013,6
FNT,"Bishop International, Flint",Flint,MI,2014,4
FNT,"Bishop International, Flint",Flint,MI,2016,2
FNT,"Bishop International, Flint",Flint,MI,2017,3
FSD,Joe Foss Field,Sioux Falls,SD,2015,2
FSD,Joe Foss Field,Sioux Falls,SD,2016,3
FSD,Joe Foss Field,Sioux Falls,SD,2017,2
FSM,Fort Smith Municipal,Fort Smith,AR,2013,2
FSM,Fort Smith Municipal,Fort Smith,AR,2015,1
FSM,Fort Smith Municipal,Fort Smith,AR,2016,1
FWA,Ft. Wayne Municipal- Baer Field,Fort Wayne,IN,2013,2
FWA,Ft. Wayne Municipal- Baer Field,Fort Wayne,IN,2014,4
FWA,Ft. Wayne Municipal- Baer Field,Fort Wayne,IN,2015,3
FWA,Ft. Wayne Municipal- Baer Field,Fort Wayne,IN,2016,1
FWA,Ft. Wayne Municipal- Baer Field,Fort Wayne,IN,2017,5
GBD,Great Bend Municipal Airport,Great Bend,KS,2013,2
GCC,Gillette-Campbell County,Gillette,WY,2014,1
GCK,Garden City Municipal,Garden City,KS,2014,1
GCK,Garden City Municipal,Garden City,KS,2015,1
GCK,Garden City Municipal,Garden City,KS,2017,2
GEG,Spokane International,Spokane,WA,2013,35
GEG,Spokane International,Spokane,WA,2014,22
GEG,Spokane International,Spokane,WA,2015,15
GEG,Spokane International,Spokane,WA,2016,22
GEG,Spokane International,Spokane,WA,2017,18
GFK,Grand Forks - Mark Andrews International,Grand Forks,ND,2013,3
GFK,Grand Forks - Mark Andrews International,Grand Forks,ND,2014,4
GFK,Grand Forks - Mark Andrews International,Grand Forks,ND,2015,2
GGG,"Gregg County - Longview, TX",Longview,TX,2013,2
GGG,"Gregg County - Longview, TX",Longview,TX,2015,3
GGG,"Gregg County - Longview, TX",Longview,TX,2017,3
GJT,Walker Field,Grand Junction,CO,2013,2
GJT,Walker Field,Grand Junction,CO,2014,2
GJT,Walker Field,Grand Junction,CO,2015,3
GJT,Walker Field,Grand Junction,CO,2016,4
GJT,Walker Field,Grand Junction,CO,2017,2
GLH,Mid Delta Regional,Greenville,MS,2013,2
GNV,Gainesville Regional,Gainesville,FL,2013,2
GNV,Gainesville Regional,Gainesville,FL,2014,2
GNV,Gainesville Regional,Gainesville,FL,2016,2
GNV,Gainesville Regional,Gainesville,FL,2017,2
GPI,"Glacier Park Int., Kalispell, MT",Kalispell,MT,2013,5
GPI,"Glacier Park Int., Kalispell, MT",Kalispell,MT,2014,4
GPT,Gulfport-Biloxi International,Gulfport,MS,2013,5
GPT,Gulfport-Biloxi International,Gulfport,MS,2014,4
GPT,Gulfport-Biloxi International,Gulfport,MS,2015,9
GPT,Gulfport-Biloxi International,Gulfport,MS,2016,3
GPT,Gulfport-Biloxi International,Gulfport,MS,2017,6
GRB,Austin Straubel International,Green Bay,WI,2013,5
GRB,Austin Straubel International,Green Bay,WI,2014,4
GRB,Austin Straubel International,Green Bay,WI,2015,2
GRB,Austin Straubel International,Green Bay,WI,2016,4
GRB,Austin Straubel International,Green Bay,WI,2017,2
GRI,Central Nebraska Regional,Grand Island,NE,2013,1
GRI,Central Nebraska Regional,Grand Island,NE,2014,3
GRI,Central Nebraska Regional,Grand Island,NE,2015,2
GRI,Central Nebraska Regional,Grand Island,NE,2016,1
GRK,Kileen - Ft. Hood Regional,Fort Hood/Killeen,TX,2013,1
GRK,Kileen - Ft. Hood Regional,Fort Hood/Killeen,TX,2014,5
GRK,Kileen - Ft. Hood Regional,Fort Hood/Killeen,TX,2015,7
GRK,Kileen - Ft. Hood Regional,Fort Hood/Killeen,TX,2016,3
GRK,Kileen - Ft. Hood Regional,Fort Hood/Killeen,TX,2017,4
GRO,Rota,Rota Island,CQ,2015,1
GRR,Gerald R. Ford International Airport,Grand Rapids,MI,2013,5
GRR,Gerald R. Ford International Airport,Grand Rapids,MI,2014,16
GRR,Gerald R. Ford International Airport,Grand Rapids,MI,2015,9
GRR,Gerald R. Ford International Airport,Grand Rapids,MI,2016,17
GRR,Gerald R. Ford International Airport,Grand Rapids,MI,2017,4
GSN,Saipan International,Saipan Island,CQ,2013,1
GSO,Piedmont Triad International Airport,Greensboro,NC,2013,12
GSO,Piedmont Triad International Airport,Greensboro,NC,2014,2
GSO,Piedmont Triad International Airport,Greensboro,NC,2015,11
GSO,Piedmont Triad International Airport,Greensboro,NC,2016,13
GSO,Piedmont Triad International Airport,Greensboro,NC,2017,10
GSP,Greenville-Spartanburg,Greer,SC,2013,17
GSP,Greenville-Spartanburg,Greer,SC,2014,6
GSP,Greenville-Spartanburg,Greer,SC,2015,6
GSP,Greenville-Spartanburg,Greer,SC,2016,14
GSP,Greenville-Spartanburg,Greer,SC,2017,11
GST,Gustavus,Gustavus,AK,2014,1
GST,Gustavus,Gustavus,AK,2015,1
GTF,Great Falls International,Great Falls,MT,2013,1
GTF,Great Falls International,Great Falls,MT,2014,1
GTF,Great Falls International,Great Falls,MT,2016,2
GTF,Great Falls International,Great Falls,MT,2017,1
GTR,Golden Triangle Regional,Columbus/W Point/Starkville,MS,2013,3
GTR,Golden Triangle Regional,Columbus/W Point/Starkville,MS,2014,1
GTR,Golden Triangle Regional,Columbus/W Point/Starkville,MS,2017,1
GUC,Gunnison - Crested Butte Regional Airport,Gunnison,CO,2013,2
GUC,Gunnison - Crested Butte Regional Airport,Gunnison,CO,2014,1
GUM,Guam,Guam,GU,2013,10
GUM,Guam,Guam,GU,2014,5
GUM,Guam,Guam,GU,2015,4
GUM,Guam,Guam,GU,2016,5
GUM,Guam,Guam,GU,2017,4
GYY,"Gary Regional Airport, Gary IN",Gary,IN,2013,1
HDN,Yampa Valley Regional,Hayden,CO,2013,1
HDN,Yampa Valley Regional,Hayden,CO,2015,2
HDN,Yampa Valley Regional,Hayden,CO,2016,1
HDN,Yampa Valley Regional,Hayden,CO,2017,1
HDQ,Headquarters,Unknown,Unknown,2013,1
HDQ,Headquarters,Unknown,Unknown,2014,3
HDQ,Headquarters,Unknown,Unknown,2015,1
HDQ,Headquarters,Unknown,Unknown,2016,3
HGR,Hagerstown Regional,Hagerstown,MD,2013,1
HGR,Hagerstown Regional,Hagerstown,MD,2014,1
HHH,Hilton Head Island Airport,Unknown,Unknown,2016,3
HHH,Hilton Head Island Airport,Unknown,Unknown,2017,1
HIB,Chisolm-Hibbing Municipal,Hibbing,MN,2014,1
HIB,Chisolm-Hibbing Municipal,Hibbing,MN,2016,1
HIB,Chisolm-Hibbing Municipal,Hibbing,MN,2017,2
HLN,Helena Regional,Helena,MT,2013,1
HLN,Helena Regional,Helena,MT,2015,1
HLN,Helena Regional,Helena,MT,2016,5
HNL,Honolulu International Airport,Honolulu,HI,2013,138
HNL,Honolulu International Airport,Honolulu,HI,2014,144
HNL,Honolulu International Airport,Honolulu,HI,2015,106
HNL,Honolulu International Airport,Honolulu,HI,2016,102
HNL,Honolulu International Airport,Honolulu,HI,2017,91
HOB,Lea County Regional Airport,Hobbs,NM,2015,1
HOB,Lea County Regional Airport,Hobbs,NM,2016,1
HOM,Homer Airport,Homer,AK,2013,1
HOM,Homer Airport,Homer,AK,2015,2
HOU,William P. Hobby,Houston,TX,2013,58
HOU,William P. Hobby,Houston,TX,2014,45
HOU,William P. Hobby,Houston,TX,2015,61
HOU,William P. Hobby,Houston,TX,2016,93
HOU,William P. Hobby,Houston,TX,2017,71
HPN,"Westchester County, White Plains",White Plains,NY,2013,14
HPN,"Westchester County, White Plains",White Plains,NY,2014,7
HPN,"Westchester County, White Plains",White Plains,NY,2015,11
HPN,"Westchester County, White Plains",White Plains,NY,2016,5
HPN,"Westchester County, White Plains",White Plains,NY,2017,6
HRL,Rio Grande Valley International,Harlingen,TX,2013,7
HRL,Rio Grande Valley International,Harlingen,TX,2014,8
HRL,Rio Grande Valley International,Harlingen,TX,2015,4
HRL,Rio Grande Valley International,Harlingen,TX,2016,7
HRL,Rio Grande Valley International,Harlingen,TX,2017,11
HSV,Huntsville International Airport,Huntsville,AL,2013,5
HSV,Huntsville International Airport,Huntsville,AL,2014,6
HSV,Huntsville International Airport,Huntsville,AL,2015,7
HSV,Huntsville International Airport,Huntsville,AL,2016,4
HSV,Huntsville International Airport,Huntsville,AL,2017,7
HTS,"Tri-State, Huntington",Huntington,WV,2014,1
HTS,"Tri-State, Huntington",Huntington,WV,2015,1
HTS,"Tri-State, Huntington",Huntington,WV,2016,2
HTS,"Tri-State, Huntington",Huntington,WV,2017,1
HVN,"New Haven, CT",New Haven,CT,2013,1
HVN,"New Haven, CT",New Haven,CT,2015,1
HVN,"New Haven, CT",New Haven,CT,2017,1
HXD,Hilton Head Island Airport,Hilton Head Island,SC,2013,4
HXD,Hilton Head Island Airport,Hilton Head Island,SC,2014,2
HXD,Hilton Head Island Airport,Hilton Head Island,SC,2015,5
HYA,"Barnstable Municipal, Hyannis",Hyannis,MA,2014,1
IAD,Washington Dulles International,Washington,DC,2013,206
IAD,Washington Dulles International,Washington,DC,2014,202
IAD,Washington Dulles International,Washington,DC,2015,149
IAD,Washington Dulles International,Washington,DC,2016,142
IAD,Washington Dulles International,Washington,DC,2017,140
IAG,Niagara Falls International,Niagara Falls,NY,2013,6
IAG,Niagara Falls International,Niagara Falls,NY,2014,1
IAG,Niagara Falls International,Niagara Falls,NY,2015,1
IAH,Houston - George Bush Intercontinental Airport,Houston,TX,2013,194
IAH,Houston - George Bush Intercontinental Airport,Houston,TX,2014,189
IAH,Houston - George Bush Intercontinental Airport,Houston,TX,2015,136
IAH,Houston - George Bush Intercontinental Airport,Houston,TX,2016,142
IAH,Houston - George Bush Intercontinental Airport,Houston,TX,2017,182
ICT,Wichita Mid-Continent,Wichita,KS,2013,6
ICT,Wichita Mid-Continent,Wichita,KS,2014,7
ICT,Wichita Mid-Continent,Wichita,KS,2015,9
ICT,Wichita Mid-Continent,Wichita,KS,2016,11
ICT,Wichita Mid-Continent,Wichita,KS,2017,9
IDA,Idaho Falls Regional,Idaho Falls,ID,2013,1
IDA,Idaho Falls Regional,Idaho Falls,ID,2014,4
IDA,Idaho Falls Regional,Idaho Falls,ID,2015,1
IDA,Idaho Falls Regional,Idaho Falls,ID,2016,4
IFP,Laughlin/Bullhead International Airport,Bullhead City,AZ,2013,2
IFP,Laughlin/Bullhead International Airport,Bullhead City,AZ,2014,3
IFP,Laughlin/Bullhead International Airport,Bullhead City,AZ,2015,2
IFP,Laughlin/Bullhead International Airport,Bullhead City,AZ,2016,1
ILG,New Castle Airport,Wilmington,DE,2013,2
ILG,New Castle Airport,Wilmington,DE,2014,6
ILM,Wilmington International,Wilmington,NC,2013,8
ILM,Wilmington International,Wilmington,NC,2014,3
ILM,Wilmington International,Wilmington,NC,2015,5
ILM,Wilmington International,Wilmington,NC,2016,4
ILM,Wilmington International,Wilmington,NC,2017,5
IMT,Ford Airport,Iron Mountain Kingsford,MI,2013,1
IND,Indianapolis International,Indianapolis,IN,2013,55
IND,Indianapolis International,Indianapolis,IN,2014,45
IND,Indianapolis International,Indianapolis,IN,2015,24
IND,Indianapolis International,Indianapolis,IN,2016,39
IND,Indianapolis International,Indianapolis,IN,2017,30
INL,Falls International,International Falls,MN,2013,2
INL,Falls International,International Falls,MN,2014,2
INL,Falls International,International Falls,MN,2016,4
INL,Falls International,International Falls,MN,2017,3
IPT,Williamsport Lycoming Regional,Williamsport,PA,2013,2
IPT,Williamsport Lycoming Regional,Williamsport,PA,2014,1
IPT,Williamsport Lycoming Regional,Williamsport,PA,2017,1
ISN,Sloulin Field International,Williston,ND,2014,1
ISN,Sloulin Field International,Williston,ND,2016,2
ISN,Sloulin Field International,Williston,ND,2017,3
ISP,"Long Island McArthur, Islip",New York,NY,2013,11
ISP,"Long Island McArthur, Islip",New York,NY,2014,7
ISP,"Long Island McArthur, Islip",New York,NY,2015,12
ISP,"Long Island McArthur, Islip",New York,NY,2016,4
ISP,"Long Island McArthur, Islip",New York,NY,2017,7
ITH,"Tompkins County, Ithaca",Ithaca,NY,2013,6
ITH,"Tompkins County, Ithaca",Ithaca,NY,2014,1
ITH,"Tompkins County, Ithaca",Ithaca,NY,2017,3
ITO,Hilo International,Hilo,HI,2013,15
ITO,Hilo International,Hilo,HI,2014,6
ITO,Hilo International,Hilo,HI,2015,8
ITO,Hilo International,Hilo,HI,2016,4
ITO,Hilo International,Hilo,HI,2017,2
IWA,Mesa-Gateway Airport,Phoenix,AZ,2013,5
IWA,Mesa-Gateway Airport,Phoenix,AZ,2014,6
IWA,Mesa-Gateway Airport,Phoenix,AZ,2015,6
IWA,Mesa-Gateway Airport,Phoenix,AZ,2016,4
IWA,Mesa-Gateway Airport,Phoenix,AZ,2017,6
IWD,Gogebic County,Ironwood,MI,2017,1
JAC,Jackson Hole,Jackson,WY,2014,2
JAC,Jackson Hole,Jackson,WY,2016,2
JAC,Jackson Hole,Jackson,WY,2017,1
JAN,Jackson International,Jackson,MS,2013,17
JAN,Jackson International,Jackson,MS,2014,12
JAN,Jackson International,Jackson,MS,2015,11
JAN,Jackson International,Jackson,MS,2016,17
JAN,Jackson International,Jackson,MS,2017,7
JAX,Jacksonville International,Jacksonville,FL,2013,28
JAX,Jacksonville International,Jacksonville,FL,2014,31
JAX,Jacksonville International,Jacksonville,FL,2015,26
JAX,Jacksonville International,Jacksonville,FL,2016,31
JAX,Jacksonville International,Jacksonville,FL,2017,37
JBR,Jonesboro Municipal Airport,Jonesboro,AR,2014,1
JFK,John F. Kennedy International,New York,NY,2013,696
JFK,John F. Kennedy International,New York,NY,2014,616
JFK,John F. Kennedy International,New York,NY,2015,468
JFK,John F. Kennedy International,New York,NY,2016,465
JFK,John F. Kennedy International,New York,NY,2017,489
JHW,"Chautaugua County, Jamestown",Jamestown,NY,2013,1
JLN,Joplin Regional,Joplin,MO,2013,1
JLN,Joplin Regional,Joplin,MO,2014,1
JLN,Joplin Regional,Joplin,MO,2017,1
JNU,Juneau International,Juneau,AK,2013,3
JNU,Juneau International,Juneau,AK,2014,5
JNU,Juneau International,Juneau,AK,2015,3
JNU,Juneau International,Juneau,AK,2016,2
JNU,Juneau International,Juneau,AK,2017,4
JQF,Concord Regional Airport,Concord,NC,2015,4
JQF,Concord Regional Airport,Concord,NC,2016,4
JQF,Concord Regional Airport,Concord,NC,2017,1
KOA,Kona International,Kailua/Kona,HI,2013,22
KOA,Kona International,Kailua/Kona,HI,2014,21
KOA,Kona International,Kailua/Kona,HI,2015,30
KOA,Kona International,Kailua/Kona,HI,2016,15
KOA,Kona International,Kailua/Kona,HI,2017,19
KTN,Ketchikan International,Ketchikan,AK,2013,4
KTN,Ketchikan International,Ketchikan,AK,2014,1
KTN,Ketchikan International,Ketchikan,AK,2015,3
KTN,Ketchikan International,Ketchikan,AK,2016,1
KTN,Ketchikan International,Ketchikan,AK,2017,3
LAN,"Capital City, Lansing",Lansing,MI,2013,2
LAN,"Capital City, Lansing",Lansing,MI,2015,3
LAN,"Capital City, Lansing",Lansing,MI,2016,1
LAN,"Capital City, Lansing",Lansing,MI,2017,4
LAR,Laramie Regional,Laramie,WY,2017,1
LAS,McCarran International,Las Vegas,NV,2013,235
LAS,McCarran International,Las Vegas,NV,2014,224
LAS,McCarran International,Las Vegas,NV,2015,229
LAS,McCarran International,Las Vegas,NV,2016,275
LAS,McCarran International,Las Vegas,NV,2017,251
LAW,Lawton/Ft. Sill Regional,Lawton,OK,2013,2
LAW,Lawton/Ft. Sill Regional,Lawton,OK,2016,3
LAW,Lawton/Ft. Sill Regional,Lawton,OK,2017,2
LAX,Los Angeles International Airport,Los Angeles,CA,2013,473
LAX,Los Angeles International Airport,Los Angeles,CA,2014,443
LAX,Los Angeles International Airport,Los Angeles,CA,2015,446
LAX,Los Angeles International Airport,Los Angeles,CA,2016,469
LAX,Los Angeles International Airport,Los Angeles,CA,2017,519
LBB,Lubbock International,Lubbock,TX,2013,2
LBB,Lubbock International,Lubbock,TX,2014,8
LBB,Lubbock International,Lubbock,TX,2015,3
LBB,Lubbock International,Lubbock,TX,2016,3
LBB,Lubbock International,Lubbock,TX,2017,8
LBE,Arnold Palmer Regional Airport,Latrobe,PA,2013,14
LBE,Arnold Palmer Regional Airport,Latrobe,PA,2014,2
LBE,Arnold Palmer Regional Airport,Latrobe,PA,2015,4
LBE,Arnold Palmer Regional Airport,Latrobe,PA,2016,1
LBF,North Platte Regional,North Platte,NE,2017,1
LCH,Lake Charles Regional Airport,Lake Charles,LA,2014,1
LCH,Lake Charles Regional Airport,Lake Charles,LA,2017,1
LCK,Rickenbacker International Airport,Columbus,OH,2014,4
LCK,Rickenbacker International Airport,Columbus,OH,2015,5
LCK,Rickenbacker International Airport,Columbus,OH,2016,5
LCK,Rickenbacker International Airport,Columbus,OH,2017,4
LEB,"Lebanon, New Hampshire",Lebanon,NH,2015,1
LEB,"Lebanon, New Hampshire",Lebanon,NH,2017,1
LEX,"Blue Grass ,Lexington",Lexington,KY,2013,5
LEX,"Blue Grass ,Lexington",Lexington,KY,2014,12
LEX,"Blue Grass ,Lexington",Lexington,KY,2015,10
LEX,"Blue Grass ,Lexington",Lexington,KY,2016,8
LEX,"Blue Grass ,Lexington",Lexington,KY,2017,5
LFT,Lafayette Regional,Lafayette,LA,2013,6
LFT,Lafayette Regional,Lafayette,LA,2014,7
LFT,Lafayette Regional,Lafayette,LA,2015,3
LFT,Lafayette Regional,Lafayette,LA,2016,1
LFT,Lafayette Regional,Lafayette,LA,2017,3
LGA,LaGuardia,New York,NY,2013,160
LGA,LaGuardia,New York,NY,2014,126
LGA,LaGuardia,New York,NY,2015,106
LGA,LaGuardia,New York,NY,2016,140
LGA,LaGuardia,New York,NY,2017,112
LGB,Long Beach,Long Beach,CA,2013,12
LGB,Long Beach,Long Beach,CA,2014,12
LGB,Long Beach,Long Beach,CA,2015,14
LGB,Long Beach,Long Beach,CA,2016,15
LGB,Long Beach,Long Beach,CA,2017,11
LIH,Lihue Airport,Lihue,HI,2013,22
LIH,Lihue Airport,Lihue,HI,2014,25
LIH,Lihue Airport,Lihue,HI,2015,17
LIH,Lihue Airport,Lihue,HI,2016,23
LIH,Lihue Airport,Lihue,HI,2017,30
LIT,Little Rock National,Little Rock,AR,2013,14
LIT,Little Rock National,Little Rock,AR,2014,10
LIT,Little Rock National,Little Rock,AR,2015,16
LIT,Little Rock National,Little Rock,AR,2016,4
LIT,Little Rock National,Little Rock,AR,2017,9
LNK,Lincoln Municipal,Lincoln,NE,2013,2
LNK,Lincoln Municipal,Lincoln,NE,2014,2
LNK,Lincoln Municipal,Lincoln,NE,2015,2
LNK,Lincoln Municipal,Lincoln,NE,2016,2
LNY,"Lanai City, HI",Lanai City,HI,2017,1
LRD,Laredo International,Laredo,TX,2013,1
LRD,Laredo International,Laredo,TX,2017,1
LSE,La Crosse Municipal,La Crosse,WI,2013,2
LSE,La Crosse Municipal,La Crosse,WI,2014,1
LSE,La Crosse Municipal,La Crosse,WI,2017,3
LWS,Lewiston Nez-Perce County Regional,Lewiston,ID,2013,3
LWS,Lewiston Nez-Perce County Regional,Lewiston,ID,2014,1
LWS,Lewiston Nez-Perce County Regional,Lewiston,ID,2015,2
LWS,Lewiston Nez-Perce County Regional,Lewiston,ID,2016,1
LWS,Lewiston Nez-Perce County Regional,Lewiston,ID,2017,2
LYH,Lynchburg Regional,Lynchburg,VA,2013,1
LYH,Lynchburg Regional,Lynchburg,VA,2014,4
LYH,Lynchburg Regional,Lynchburg,VA,2015,4
LYH,Lynchburg Regional,Lynchburg,VA,2016,2
LYH,Lynchburg Regional,Lynchburg,VA,2017,2
MAF,Midland International Airport,Midland,TX,2013,4
MAF,Midland International Airport,Midland,TX,2014,4
MAF,Midland International Airport,Midland,TX,2015,2
MAF,Midland International Airport,Midland,TX,2016,3
MAF,Midland International Airport,Midland,TX,2017,6
MBS,MBS International,Saginaw,MI,2013,1
MBS,MBS International,Saginaw,MI,2014,1
MBS,MBS International,Saginaw,MI,2015,1
MBS,MBS International,Saginaw,MI,2016,3
MBS,MBS International,Saginaw,MI,2017,3
MCE,Merced Regional Airport/Macready Field,Merced,CA,2016,1
MCI,Kansas City International,Kansas City,MO,2013,4
MCI,Kansas City International,Kansas City,MO,2014,3
MCI,Kansas City International,Kansas City,MO,2015,10
MCI,Kansas City International,Kansas City,MO,2016,11
MCI,Kansas City International,Kansas City,MO,2017,11
MCK,McCook Municipal,Mc Cook,NE,2017,1
MCO,Orlando International Airport,Orlando,FL,2013,361
MCO,Orlando International Airport,Orlando,FL,2014,350
MCO,Orlando International Airport,Orlando,FL,2015,326
MCO,Orlando International Airport,Orlando,FL,2016,392
MCO,Orlando International Airport,Orlando,FL,2017,372
MDT,Harrisburg International,Harrisburg,PA,2013,11
MDT,Harrisburg International,Harrisburg,PA,2014,6
MDT,Harrisburg International,Harrisburg,PA,2015,7
MDT,Harrisburg International,Harrisburg,PA,2016,9
MDT,Harrisburg International,Harrisburg,PA,2017,4
MDW,Midway International Airport,Chicago,IL,2013,64
MDW,Midway International Airport,Chicago,IL,2014,86
MDW,Midway International Airport,Chicago,IL,2015,57
MDW,Midway International Airport,Chicago,IL,2016,68
MDW,Midway International Airport,Chicago,IL,2017,53
MEM,Memphis International Airport,Memphis,TN,2013,31
MEM,Memphis International Airport,Memphis,TN,2014,25
MEM,Memphis International Airport,Memphis,TN,2015,21
MEM,Memphis International Airport,Memphis,TN,2016,12
MEM,Memphis International Airport,Memphis,TN,2017,21
MFE,McAllen-Miller International,Mc Allen,TX,2013,2
MFE,McAllen-Miller International,Mc Allen,TX,2014,4
MFE,McAllen-Miller International,Mc Allen,TX,2015,3
MFE,McAllen-Miller International,Mc Allen,TX,2016,3
MFE,McAllen-Miller International,Mc Allen,TX,2017,4
MFR,Rogue Valley International,Medford,OR,2013,6
MFR,Rogue Valley International,Medford,OR,2014,5
MFR,Rogue Valley International,Medford,OR,2015,9
MFR,Rogue Valley International,Medford,OR,2016,2
MFR,Rogue Valley International,Medford,OR,2017,2
MGM,Montgomery Regional-Dannelly Field,Montgomery,AL,2013,2
MGM,Montgomery Regional-Dannelly Field,Montgomery,AL,2014,1
MGM,Montgomery Regional-Dannelly Field,Montgomery,AL,2015,1
MGM,Montgomery Regional-Dannelly Field,Montgomery,AL,2016,2
MGM,Montgomery Regional-Dannelly Field,Montgomery,AL,2017,2
MGW,Morgantown Municipal,Morgantown,WV,2014,1
MHK,Manhattan Regional,Manhattan,KS,2013,2
MHK,Manhattan Regional,Manhattan,KS,2014,6
MHK,Manhattan Regional,Manhattan,KS,2015,3
MHK,Manhattan Regional,Manhattan,KS,2016,4
MHK,Manhattan Regional,Manhattan,KS,2017,2
MHT,Manchester Regional Airport,Manchester,NH,2013,15
MHT,Manchester Regional Airport,Manchester,NH,2014,22
MHT,Manchester Regional Airport,Manchester,NH,2015,20
MHT,Manchester Regional Airport,Manchester,NH,2016,4
MHT,Manchester Regional Airport,Manchester,NH,2017,9
MIA,Miami International Airport,Miami,FL,2013,382
MIA,Miami International Airport,Miami,FL,2014,335
MIA,Miami International Airport,Miami,FL,2015,276
MIA,Miami International Airport,Miami,FL,2016,366
MIA,Miami International Airport,Miami,FL,2017,343
MKE,General Mitchell International Airport,Milwaukee,WI,2013,31
MKE,General Mitchell International Airport,Milwaukee,WI,2014,37
MKE,General Mitchell International Airport,Milwaukee,WI,2015,37
MKE,General Mitchell International Airport,Milwaukee,WI,2016,30
MKE,General Mitchell International Airport,Milwaukee,WI,2017,24
MKG,Muskegon County Airport,Muskegon,MI,2013,1
MKG,Muskegon County Airport,Muskegon,MI,2017,1
MKK,Molokai Airport,Kaunakakai,HI,2014,1
MKK,Molokai Airport,Kaunakakai,HI,2015,1
MKK,Molokai Airport,Kaunakakai,HI,2016,1
MKK,Molokai Airport,Kaunakakai,HI,2017,1
MLB,Melbourne International Airport,Melbourne,FL,2013,1
MLB,Melbourne International Airport,Melbourne,FL,2015,3
MLB,Melbourne International Airport,Melbourne,FL,2016,1
MLB,Melbourne International Airport,Melbourne,FL,2017,6
MLI,Quad City (Moline)International Airport,Moline,IL,2013,5
MLI,Quad City (Moline)International Airport,Moline,IL,2014,6
MLI,Quad City (Moline)International Airport,Moline,IL,2015,7
MLI,Quad City (Moline)International Airport,Moline,IL,2016,4
MLU,Monroe Regional,Monroe,LA,2014,1
MLU,Monroe Regional,Monroe,LA,2015,2
MLU,Monroe Regional,Monroe,LA,2016,1
MLU,Monroe Regional,Monroe,LA,2017,1
MMH,Mammoth Lakes,Mammoth Lakes,CA,2013,4
MMH,Mammoth Lakes,Mammoth Lakes,CA,2014,3
MMH,Mammoth Lakes,Mammoth Lakes,CA,2015,3
MMH,Mammoth Lakes,Mammoth Lakes,CA,2016,2
MOB,Mobile Regional,Mobile,AL,2013,5
MOB,Mobile Regional,Mobile,AL,2014,7
MOB,Mobile Regional,Mobile,AL,2015,2
MOB,Mobile Regional,Mobile,AL,2016,1
MOB,Mobile Regional,Mobile,AL,2017,5
MOD,Modesto City County Sham Field,Modesto,CA,2013,1
MOT,Minot International,Minot,ND,2013,1
MOT,Minot International,Minot,ND,2014,2
MOT,Minot International,Minot,ND,2015,3
MOT,Minot International,Minot,ND,2016,2
MRY,Monterey Peninsula Airport,Monterey,CA,2013,3
MRY,Monterey Peninsula Airport,Monterey,CA,2014,4
MRY,Monterey Peninsula Airport,Monterey,CA,2016,1
MRY,Monterey Peninsula Airport,Monterey,CA,2017,1
MSL,Northwest Regional Airport,Muscle Shoals,AL,2013,1
MSL,Northwest Regional Airport,Muscle Shoals,AL,2014,1
MSL,Northwest Regional Airport,Muscle Shoals,AL,2016,1
MSN,Dane County Regional (Madison),Madison,WI,2013,16
MSN,Dane County Regional (Madison),Madison,WI,2014,8
MSN,Dane County Regional (Madison),Madison,WI,2015,6
MSN,Dane County Regional (Madison),Madison,WI,2016,8
MSN,Dane County Regional (Madison),Madison,WI,2017,11
MSO,Missoula International,Missoula,MT,2013,6
MSO,Missoula International,Missoula,MT,2014,4
MSO,Missoula International,Missoula,MT,2015,3
MSO,Missoula International,Missoula,MT,2016,4
MSO,Missoula International,Missoula,MT,2017,1
MSP,Minneapolis/ St.Paul International Airport,Minneapolis,MN,2013,88
MSP,Minneapolis/ St.Paul International Airport,Minneapolis,MN,2014,99
MSP,Minneapolis/ St.Paul International Airport,Minneapolis,MN,2015,80
MSP,Minneapolis/ St.Paul International Airport,Minneapolis,MN,2016,77
MSP,Minneapolis/ St.Paul International Airport,Minneapolis,MN,2017,74
MSS,Massena International,Massena,NY,2017,1
MSY,New Orleans International,New Orleans,LA,2013,89
MSY,New Orleans International,New Orleans,LA,2014,71
MSY,New Orleans International,New Orleans,LA,2015,68
MSY,New Orleans International,New Orleans,LA,2016,74
MSY,New Orleans International,New Orleans,LA,2017,64
MTJ,Montrose Regional Airport,Montrose,CO,2013,1
MTJ,Montrose Regional Airport,Montrose,CO,2014,2
MTJ,Montrose Regional Airport,Montrose,CO,2015,2
MTJ,Montrose Regional Airport,Montrose,CO,2016,3
MTJ,Montrose Regional Airport,Montrose,CO,2017,2
MVY,Martha's Vineyard Airport,Vineyard Haven,MA,2013,3
MVY,Martha's Vineyard Airport,Vineyard Haven,MA,2014,4
MVY,Martha's Vineyard Airport,Vineyard Haven,MA,2015,3
MVY,Martha's Vineyard Airport,Vineyard Haven,MA,2016,1
MWA,Williamson County,Marion,IL,2013,1
MWA,Williamson County,Marion,IL,2017,3
MYR,Myrtle Beach International,Myrtle Beach,SC,2013,7
MYR,Myrtle Beach International,Myrtle Beach,SC,2014,6
MYR,Myrtle Beach International,Myrtle Beach,SC,2015,7
MYR,Myrtle Beach International,Myrtle Beach,SC,2016,8
MYR,Myrtle Beach International,Myrtle Beach,SC,2017,16
OAJ,"Albert J Ellis, Jacksonville",Jacksonville,NC,2013,3
OAJ,"Albert J Ellis, Jacksonville",Jacksonville,NC,2015,5
OAK,Metropolitan Oakland International,Oakland,CA,2013,75
OAK,Metropolitan Oakland International,Oakland,CA,2014,86
OAK,Metropolitan Oakland International,Oakland,CA,2015,72
OAK,Metropolitan Oakland International,Oakland,CA,2016,65
OAK,Metropolitan Oakland International,Oakland,CA,2017,58
OGG,"Kahului-Maui, HI",Kahului,HI,2013,53
OGG,"Kahului-Maui, HI",Kahului,HI,2014,42
OGG,"Kahului-Maui, HI",Kahului,HI,2015,39
OGG,"Kahului-Maui, HI",Kahului,HI,2016,50
OGG,"Kahului-Maui, HI",Kahului,HI,2017,38
OGS,Ogdensburg International,Ogdensburg,NY,2013,1
OGS,Ogdensburg International,Ogdensburg,NY,2017,3
OKC,Will Rogers World,Oklahoma City,OK,2013,19
OKC,Will Rogers World,Oklahoma City,OK,2014,12
OKC,Will Rogers World,Oklahoma City,OK,2015,18
OKC,Will Rogers World,Oklahoma City,OK,2016,15
OKC,Will Rogers World,Oklahoma City,OK,2017,13
OLF,L. M. Clayton Airport,Wolf Point,MT,2013,1
OMA,Eppley Airfield,Omaha,NE,2013,30
OMA,Eppley Airfield,Omaha,NE,2014,28
OMA,Eppley Airfield,Omaha,NE,2015,14
OMA,Eppley Airfield,Omaha,NE,2016,24
OMA,Eppley Airfield,Omaha,NE,2017,12
OME,Nome,Nome,AK,2013,3
OME,Nome,Nome,AK,2014,1
OME,Nome,Nome,AK,2015,2
OME,Nome,Nome,AK,2016,2
OME,Nome,Nome,AK,2017,2
ONT,Ontario International,Ontario,CA,2013,32
ONT,Ontario International,Ontario,CA,2014,26
ONT,Ontario International,Ontario,CA,2015,19
ONT,Ontario International,Ontario,CA,2016,28
ONT,Ontario International,Ontario,CA,2017,25
ORD,Chicago O'Hare International Airport,Chicago,IL,2013,255
ORD,Chicago O'Hare International Airport,Chicago,IL,2014,248
ORD,Chicago O'Hare International Airport,Chicago,IL,2015,236
ORD,Chicago O'Hare International Airport,Chicago,IL,2016,220
ORD,Chicago O'Hare International Airport,Chicago,IL,2017,248
ORF,Norfolk International,Norfolk,VA,2013,24
ORF,Norfolk International,Norfolk,VA,2014,14
ORF,Norfolk International,Norfolk,VA,2015,25
ORF,Norfolk International,Norfolk,VA,2016,28
ORF,Norfolk International,Norfolk,VA,2017,40
ORH,Worcester Regional,Worcester,MA,2013,1
ORH,Worcester Regional,Worcester,MA,2014,2
ORH,Worcester Regional,Worcester,MA,2015,1
ORH,Worcester Regional,Worcester,MA,2016,1
OTH,North Bend Municipal,North Bend,OR,2014,1
OTH,North Bend Municipal,North Bend,OR,2015,2
OTH,North Bend Municipal,North Bend,OR,2016,1
OTH,North Bend Municipal,North Bend,OR,2017,2
OTZ,Kotzebue 'Ralph Wien Memorial,Kotzebue,AK,2015,1
OTZ,Kotzebue 'Ralph Wien Memorial,Kotzebue,AK,2016,1
OWB,Owensboro Daviess County,Owensboro,KY,2013,2
PAH,Barkley Regional Airport,Paducah,KY,2013,1
PAH,Barkley Regional Airport,Paducah,KY,2017,1
PBG,Plattsburgh International Aiport,Plattsburgh,NY,2013,1
PBG,Plattsburgh International Aiport,Plattsburgh,NY,2015,1
PBG,Plattsburgh International Aiport,Plattsburgh,NY,2016,1
PBG,Plattsburgh International Aiport,Plattsburgh,NY,2017,1
PBI,Palm Beach International,West Palm Beach,FL,2013,58
PBI,Palm Beach International,West Palm Beach,FL,2014,45
PBI,Palm Beach International,West Palm Beach,FL,2015,40
PBI,Palm Beach International,West Palm Beach,FL,2016,47
PBI,Palm Beach International,West Palm Beach,FL,2017,46
PDT,Eastern Oregon Regional,Pendleton,OR,2013,1
PDX,Portland International,Portland,OR,2013,105
PDX,Portland International,Portland,OR,2014,86
PDX,Portland International,Portland,OR,2015,68
PDX,Portland International,Portland,OR,2016,70
PDX,Portland International,Portland,OR,2017,77
PFN,Panama City-Bay County International,Unknown,Unknown,2013,1
PFN,Panama City-Bay County International,Unknown,Unknown,2014,1
PFN,Panama City-Bay County International,Unknown,Unknown,2016,1
PGA,Page Municipal,Page,AZ,2014,1
PGD,Charlotte County,Punta Gorda,FL,2013,1
PGD,Charlotte County,Punta Gorda,FL,2014,5
PGD,Charlotte County,Punta Gorda,FL,2015,5
PGD,Charlotte County,Punta Gorda,FL,2016,2
PGD,Charlotte County,Punta Gorda,FL,2017,1
PGV,Pitt-Greenville Airport,Greenville,NC,2013,1
PGV,Pitt-Greenville Airport,Greenville,NC,2014,2
PGV,Pitt-Greenville Airport,Greenville,NC,2015,1
PGV,Pitt-Greenville Airport,Greenville,NC,2016,2
PGV,Pitt-Greenville Airport,Greenville,NC,2017,2
PHF,Newport News / Williamsburg International,Newport News,VA,2013,4
PHF,Newport News / Williamsburg International,Newport News,VA,2014,2
PHF,Newport News / Williamsburg International,Newport News,VA,2015,4
PHF,Newport News / Williamsburg International,Newport News,VA,2016,5
PHF,Newport News / Williamsburg International,Newport News,VA,2017,2
PHL,Philadelphia International Airport,Philadelphia,PA,2013,213
PHL,Philadelphia International Airport,Philadelphia,PA,2014,169
PHL,Philadelphia International Airport,Philadelphia,PA,2015,146
PHL,Philadelphia International Airport,Philadelphia,PA,2016,150
PHL,Philadelphia International Airport,Philadelphia,PA,2017,133
PHX,Phoenix Sky Harbor International,Phoenix,AZ,2013,224
PHX,Phoenix Sky Harbor International,Phoenix,AZ,2014,221
PHX,Phoenix Sky Harbor International,Phoenix,AZ,2015,220
PHX,Phoenix Sky Harbor International,Phoenix,AZ,2016,177
PHX,Phoenix Sky Harbor International,Phoenix,AZ,2017,210
PIA,Greater Peoria,Peoria,IL,2013,8
PIA,Greater Peoria,Peoria,IL,2014,3
PIA,Greater Peoria,Peoria,IL,2015,2
PIA,Greater Peoria,Peoria,IL,2016,2
PIA,Greater Peoria,Peoria,IL,2017,5
PIB,Hattiesburg-Laurel Regional,Hattiesburg-Laurel,MS,2016,2
PIE,St. Petersburg-Clearwater International,St Petersburg-Clearwater,FL,2013,4
PIE,St. Petersburg-Clearwater International,St Petersburg-Clearwater,FL,2014,7
PIE,St. Petersburg-Clearwater International,St Petersburg-Clearwater,FL,2015,4
PIE,St. Petersburg-Clearwater International,St Petersburg-Clearwater,FL,2016,4
PIE,St. Petersburg-Clearwater International,St Petersburg-Clearwater,FL,2017,10
PIH,Pocatello Regional,Pocatello,ID,2016,1
PIH,Pocatello Regional,Pocatello,ID,2017,1
PIR,Pierre Regional,Pierre,SD,2013,2
PIT,Pittsburgh International Airport,Pittsburgh,PA,2013,50
PIT,Pittsburgh International Airport,Pittsburgh,PA,2014,27
PIT,Pittsburgh International Airport,Pittsburgh,PA,2015,40
PIT,Pittsburgh International Airport,Pittsburgh,PA,2016,45
PIT,Pittsburgh International Airport,Pittsburgh,PA,2017,45
PLN,Pellston Regional Of Emmet County,Pellston,MI,2013,4
PLN,Pellston Regional Of Emmet County,Pellston,MI,2014,4
PLN,Pellston Regional Of Emmet County,Pellston,MI,2015,1
PLN,Pellston Regional Of Emmet County,Pellston,MI,2016,3
PNS,Pensacola International Airport,Pensacola,FL,2013,15
PNS,Pensacola International Airport,Pensacola,FL,2014,12
PNS,Pensacola International Airport,Pensacola,FL,2015,12
PNS,Pensacola International Airport,Pensacola,FL,2016,9
PNS,Pensacola International Airport,Pensacola,FL,2017,9
PQI,Northern Maine Regional,Presque Isle,ME,2013,1
PQI,Northern Maine Regional,Presque Isle,ME,2015,1
PRC,Prescott Municipal,Prescott,AZ,2016,1
PSC,Tri-Cities,Pasco,WA,2013,11
PSC,Tri-Cities,Pasco,WA,2014,1
PSC,Tri-Cities,Pasco,WA,2015,2
PSC,Tri-Cities,Pasco,WA,2016,3
PSC,Tri-Cities,Pasco,WA,2017,2
PSE,Mercedita Airport,Ponce,PR,2014,4
PSE,Mercedita Airport,Ponce,PR,2015,2
PSE,Mercedita Airport,Ponce,PR,2016,2
PSE,Mercedita Airport,Ponce,PR,2017,2
PSG,Petersburg,Petersburg,AK,2014,2
PSG,Petersburg,Petersburg,AK,2015,1
PSG,Petersburg,Petersburg,AK,2016,1
PSG,Petersburg,Petersburg,AK,2017,1
PSM,Portsmouth International Airport at Pease,Portsmouth,NH,2014,1
PSM,Portsmouth International Airport at Pease,Portsmouth,NH,2016,2
PSP,Palm Springs International,Palm Springs,CA,2013,27
PSP,Palm Springs International,Palm Springs,CA,2014,20
PSP,Palm Springs International,Palm Springs,CA,2015,17
PSP,Palm Springs International,Palm Springs,CA,2016,16
PSP,Palm Springs International,Palm Springs,CA,2017,27
PUB,Pueblo Memorial,Pueblo,CO,2016,1
PUB,Pueblo Memorial,Pueblo,CO,2017,1
PUW,Pullman/Moscow Regional,Pullman/Moscow,WA,2014,2
PUW,Pullman/Moscow Regional,Pullman/Moscow,WA,2016,2
PVC,Provincetown Airport,Provincetown,MA,2017,1
PVD,"TF Green Airport, Providence",Providence,RI,2013,41
PVD,"TF Green Airport, Providence",Providence,RI,2014,30
PVD,"TF Green Airport, Providence",Providence,RI,2015,14
PVD,"TF Green Airport, Providence",Providence,RI,2016,16
PVD,"TF Green Airport, Providence",Providence,RI,2017,25
PVU,Provo Municipal Airport,Provo,UT,2013,1
PVU,Provo Municipal Airport,Provo,UT,2016,4
PVU,Provo Municipal Airport,Provo,UT,2017,3
PWM,Portland International Jetport,Portland,ME,2013,15
PWM,Portland International Jetport,Portland,ME,2014,15
PWM,Portland International Jetport,Portland,ME,2015,12
PWM,Portland International Jetport,Portland,ME,2016,4
PWM,Portland International Jetport,Portland,ME,2017,9
RAP,Rapid City Regional,Rapid City,SD,2013,3
RAP,Rapid City Regional,Rapid City,SD,2014,2
RAP,Rapid City Regional,Rapid City,SD,2015,4
RAP,Rapid City Regional,Rapid City,SD,2016,5
RAP,Rapid City Regional,Rapid City,SD,2017,2
RDD,Redding Municipal,Redding,CA,2013,2
RDD,Redding Municipal,Redding,CA,2014,2
RDD,Redding Municipal,Redding,CA,2015,1
RDD,Redding Municipal,Redding,CA,2016,1
RDD,Redding Municipal,Redding,CA,2017,3
RDM,Roberts Field,Redmond,OR,2013,6
RDM,Roberts Field,Redmond,OR,2014,3
RDM,Roberts Field,Redmond,OR,2015,8
RDM,Roberts Field,Redmond,OR,2016,6
RDM,Roberts Field,Redmond,OR,2017,4
RDU,Raleigh-Durham International,Raleigh/Durham,NC,2013,52
RDU,Raleigh-Durham International,Raleigh/Durham,NC,2014,46
RDU,Raleigh-Durham International,Raleigh/Durham,NC,2015,60
RDU,Raleigh-Durham International,Raleigh/Durham,NC,2016,51
RDU,Raleigh-Durham International,Raleigh/Durham,NC,2017,66
RFD,Greater Rockford,Chicago/Rockford,IL,2013,1
RFD,Greater Rockford,Chicago/Rockford,IL,2014,1
RFD,Greater Rockford,Chicago/Rockford,IL,2016,1
RHI,Rhinelander-Onieta,Rhinelander,WI,2013,1
RHI,Rhinelander-Onieta,Rhinelander,WI,2015,1
RHI,Rhinelander-Onieta,Rhinelander,WI,2017,1
RIC,Richmond International,Richmond,VA,2013,17
RIC,Richmond International,Richmond,VA,2014,29
RIC,Richmond International,Richmond,VA,2015,19
RIC,Richmond International,Richmond,VA,2016,16
RIC,Richmond International,Richmond,VA,2017,18
RKS,Rock Springs-Sweetwater County,Rock Springs,WY,2017,1
RNO,Reno/Tahoe International,Reno,NV,2013,55
RNO,Reno/Tahoe International,Reno,NV,2014,35
RNO,Reno/Tahoe International,Reno,NV,2015,31
RNO,Reno/Tahoe International,Reno,NV,2016,22
RNO,Reno/Tahoe International,Reno,NV,2017,23
ROA,Roanoke Regional Airport,Roanoke,VA,2013,5
ROA,Roanoke Regional Airport,Roanoke,VA,2014,3
ROA,Roanoke Regional Airport,Roanoke,VA,2015,8
ROA,Roanoke Regional Airport,Roanoke,VA,2016,2
ROA,Roanoke Regional Airport,Roanoke,VA,2017,2
ROC,Greater Rochester International,Rochester,NY,2013,5
ROC,Greater Rochester International,Rochester,NY,2014,5
ROC,Greater Rochester International,Rochester,NY,2015,3
ROC,Greater Rochester International,Rochester,NY,2016,3
ROC,Greater Rochester International,Rochester,NY,2017,3
ROW,Roswell Industrial Air Center,Roswell,NM,2013,1
RST,"Rochester, MN",Rochester,MN,2013,2
RST,"Rochester, MN",Rochester,MN,2014,2
RST,"Rochester, MN",Rochester,MN,2016,2
RST,"Rochester, MN",Rochester,MN,2017,3
RSW,Southwest Florida International,Fort Myers,FL,2013,64
RSW,Southwest Florida International,Fort Myers,FL,2014,66
RSW,Southwest Florida International,Fort Myers,FL,2015,50
RSW,Southwest Florida International,Fort Myers,FL,2016,54
RSW,Southwest Florida International,Fort Myers,FL,2017,63
RUT,Rutland State,Rutland,VT,2013,1
RUT,Rutland State,Rutland,VT,2017,2
SAF,Santa Fe Municipal,Santa Fe,NM,2013,7
SAF,Santa Fe Municipal,Santa Fe,NM,2014,6
SAF,Santa Fe Municipal,Santa Fe,NM,2015,4
SAF,Santa Fe Municipal,Santa Fe,NM,2016,7
SAF,Santa Fe Municipal,Santa Fe,NM,2017,6
SAN,San Diego International,San Diego,CA,2013,135
SAN,San Diego International,San Diego,CA,2014,130
SAN,San Diego International,San Diego,CA,2015,111
SAN,San Diego International,San Diego,CA,2016,119
SAN,San Diego International,San Diego,CA,2017,120
SAT,San Antonio International,San Antonio,TX,2013,75
SAT,San Antonio International,San Antonio,TX,2014,54
SAT,San Antonio International,San Antonio,TX,2015,33
SAT,San Antonio International,San Antonio,TX,2016,46
SAT,San Antonio International,San Antonio,TX,2017,27
SAV,Savannah International,Savannah,GA,2013,20
SAV,Savannah International,Savannah,GA,2014,28
SAV,Savannah International,Savannah,GA,2015,17
SAV,Savannah International,Savannah,GA,2016,17
SAV,Savannah International,Savannah,GA,2017,18
SAW,"Sawyer Int'l Airport(Marquette, MI)",Marquette,MI,2015,1
SBA,Santa Barbara Municipal,Santa Barbara,CA,2013,4
SBA,Santa Barbara Municipal,Santa Barbara,CA,2014,7
SBA,Santa Barbara Municipal,Santa Barbara,CA,2015,2
SBA,Santa Barbara Municipal,Santa Barbara,CA,2016,1
SBA,Santa Barbara Municipal,Santa Barbara,CA,2017,6
SBN,South Bend Regional,South Bend,IN,2013,4
SBN,South Bend Regional,South Bend,IN,2014,2
SBN,South Bend Regional,South Bend,IN,2015,1
SBN,South Bend Regional,South Bend,IN,2016,2
SBN,South Bend Regional,South Bend,IN,2017,6
SBP,San Luis Obispo,San Luis Obispo,CA,2013,3
SBP,San Luis Obispo,San Luis Obispo,CA,2014,4
SBP,San Luis Obispo,San Luis Obispo,CA,2015,1
SBP,San Luis Obispo,San Luis Obispo,CA,2016,1
SBP,San Luis Obispo,San Luis Obispo,CA,2017,1
SBY,Salisbury/Wicomico County Regional,Salisbury,MD,2013,1
SBY,Salisbury/Wicomico County Regional,Salisbury,MD,2016,2
SCC,Deadhorse,Deadhorse,AK,2014,1
SCC,Deadhorse,Deadhorse,AK,2017,1
SCE,University Park Airport- State College,Unknown,Unknown,2015,2
SCE,University Park Airport- State College,Unknown,Unknown,2016,2
SCE,University Park Airport- State College,Unknown,Unknown,2017,2
SCK,Stockton,Stockton,CA,2013,2
SCK,Stockton,Stockton,CA,2014,1
SCK,Stockton,Stockton,CA,2015,2
SCK,Stockton,Stockton,CA,2017,1
SDF,Louisville International,Louisville,KY,2013,28
SDF,Louisville International,Louisville,KY,2014,13
SDF,Louisville International,Louisville,KY,2015,26
SDF,Louisville International,Louisville,KY,2016,20
SDF,Louisville International,Louisville,KY,2017,18
SDY,Sidney-Richland Airport,Sidney,MT,2014,1
SEA,Seattle-Tacoma International,Seattle,WA,2013,271
SEA,Seattle-Tacoma International,Seattle,WA,2014,200
SEA,Seattle-Tacoma International,Seattle,WA,2015,224
SEA,Seattle-Tacoma International,Seattle,WA,2016,199
SEA,Seattle-Tacoma International,Seattle,WA,2017,205
SFB,Orlando Sanford,Orlando,FL,2013,10
SFB,Orlando Sanford,Orlando,FL,2014,12
SFB,Orlando Sanford,Orlando,FL,2015,4
SFB,Orlando Sanford,Orlando,FL,2017,6
SFO,San Francisco International,San Francisco,CA,2013,24
SFO,San Francisco International,San Francisco,CA,2014,28
SFO,San Francisco International,San Francisco,CA,2015,28
SFO,San Francisco International,San Francisco,CA,2016,33
SFO,San Francisco International,San Francisco,CA,2017,42
SGF,Springfield-Branson National Airport,Springfield,MO,2013,4
SGF,Springfield-Branson National Airport,Springfield,MO,2014,7
SGF,Springfield-Branson National Airport,Springfield,MO,2015,6
SGF,Springfield-Branson National Airport,Springfield,MO,2016,4
SGF,Springfield-Branson National Airport,Springfield,MO,2017,6
SGJ,St. Augustine,St Augustine,FL,2015,1
SGJ,St. Augustine,St Augustine,FL,2016,2
SGJ,St. Augustine,St Augustine,FL,2017,1
SGU,St. George Municipal,St George,UT,2014,1
SGU,St. George Municipal,St George,UT,2015,1
SGU,St. George Municipal,St George,UT,2017,2
SHD,Shenandoah Valley,Staunton/Waynesboro/Harrisonburg,VA,2013,2
SHR,Sheridan County,Sheridan,WY,2013,1
SHV,Shreveport Regional,Shreveport,LA,2013,2
SHV,Shreveport Regional,Shreveport,LA,2014,5
SHV,Shreveport Regional,Shreveport,LA,2015,2
SHV,Shreveport Regional,Shreveport,LA,2016,4
SIT,Sitka 'Rocky Guitierrez',Sitka,AK,2013,1
SIT,Sitka 'Rocky Guitierrez',Sitka,AK,2014,1
SIT,Sitka 'Rocky Guitierrez',Sitka,AK,2015,1
SIT,Sitka 'Rocky Guitierrez',Sitka,AK,2016,1
SJC,Norman Y Mineta San Jose International,San Jose,CA,2013,52
SJC,Norman Y Mineta San Jose International,San Jose,CA,2014,43
SJC,Norman Y Mineta San Jose International,San Jose,CA,2015,33
SJC,Norman Y Mineta San Jose International,San Jose,CA,2016,53
SJC,Norman Y Mineta San Jose International,San Jose,CA,2017,63
SJT,San Angelo Regional,San Angelo,TX,2013,6
SJT,San Angelo Regional,San Angelo,TX,2014,2
SJT,San Angelo Regional,San Angelo,TX,2016,2
SJU,Luis Munoz Marin International,San Juan,PR,2013,82
SJU,Luis Munoz Marin International,San Juan,PR,2014,82
SJU,Luis Munoz Marin International,San Juan,PR,2015,59
SJU,Luis Munoz Marin International,San Juan,PR,2016,54
SJU,Luis Munoz Marin International,San Juan,PR,2017,55
SLC,Salt Lake City International Airport,Salt Lake City,UT,2013,85
SLC,Salt Lake City International Airport,Salt Lake City,UT,2014,70
SLC,Salt Lake City International Airport,Salt Lake City,UT,2015,68
SLC,Salt Lake City International Airport,Salt Lake City,UT,2016,66
SLC,Salt Lake City International Airport,Salt Lake City,UT,2017,67
SMF,Sacramento International Airport,Sacramento,CA,2013,63
SMF,Sacramento International Airport,Sacramento,CA,2014,48
SMF,Sacramento International Airport,Sacramento,CA,2015,50
SMF,Sacramento International Airport,Sacramento,CA,2016,67
SMF,Sacramento International Airport,Sacramento,CA,2017,67
SMX,Santa Maria Public,Santa Maria,CA,2015,1
SNA,John Wayne,Santa Ana,CA,2013,69
SNA,John Wayne,Santa Ana,CA,2014,56
SNA,John Wayne,Santa Ana,CA,2015,47
SNA,John Wayne,Santa Ana,CA,2016,33
SNA,John Wayne,Santa Ana,CA,2017,45
SOW,Show Low Regional Airport,Show Low,AZ,2015,1
SPI,"Abraham Lincoln Capital Airport, Springfield",Springfield,IL,2014,1
SPI,"Abraham Lincoln Capital Airport, Springfield",Springfield,IL,2015,2
SPI,"Abraham Lincoln Capital Airport, Springfield",Springfield,IL,2017,2
SPS,Sheppard AFB/Wichita Falls Municipal,Wichita Falls,TX,2013,3
SPS,Sheppard AFB/Wichita Falls Municipal,Wichita Falls,TX,2014,1
SRQ,Sarasota Bradenton International,Sarasota/Bradenton,FL,2013,10
SRQ,Sarasota Bradenton International,Sarasota/Bradenton,FL,2014,11
SRQ,Sarasota Bradenton International,Sarasota/Bradenton,FL,2015,5
SRQ,Sarasota Bradenton International,Sarasota/Bradenton,FL,2016,1
SRQ,Sarasota Bradenton International,Sarasota/Bradenton,FL,2017,3
STC,"Saint Cloud Regional Airport, MN",St Cloud,MN,2017,1
STL,Lambert St. Louis International,St Louis,MO,2013,60
STL,Lambert St. Louis International,St Louis,MO,2014,58
STL,Lambert St. Louis International,St Louis,MO,2015,45
STL,Lambert St. Louis International,St Louis,MO,2016,49
STL,Lambert St. Louis International,St Louis,MO,2017,49
STS,Charles Shulz-Sonoma County,Santa Rosa,CA,2015,1
STS,Charles Shulz-Sonoma County,Santa Rosa,CA,2017,1
STT,Cyril E. King International,Charlotte Amalie,VI,2013,18
STT,Cyril E. King International,Charlotte Amalie,VI,2014,17
STT,Cyril E. King International,Charlotte Amalie,VI,2015,17
STT,Cyril E. King International,Charlotte Amalie,VI,2016,26
STT,Cyril E. King International,Charlotte Amalie,VI,2017,15
STX,Henry E. Rohlsen,Christiansted,VI,2013,2
STX,Henry E. Rohlsen,Christiansted,VI,2014,4
STX,Henry E. Rohlsen,Christiansted,VI,2015,6
STX,Henry E. Rohlsen,Christiansted,VI,2016,5
SUN,Friedman Memorial,Hailey,ID,2014,2
SUN,Friedman Memorial,Hailey,ID,2015,1
SUN,Friedman Memorial,Hailey,ID,2016,1
SUN,Friedman Memorial,Hailey,ID,2017,1
SUX,Sioux Gateway,Sioux City,IA,2013,2
SUX,Sioux Gateway,Sioux City,IA,2015,2
SUX,Sioux Gateway,Sioux City,IA,2016,2
SWF,Stewart Field,New York,NY,2013,2
SWF,Stewart Field,New York,NY,2014,2
SWF,Stewart Field,New York,NY,2015,2
SWF,Stewart Field,New York,NY,2016,3
SWF,Stewart Field,New York,NY,2017,5
SWO,Stillwater,Stillwater,OK,2017,1
SYR,Syracuse-Hancock International,Syracuse,NY,2013,10
SYR,Syracuse-Hancock International,Syracuse,NY,2014,8
SYR,Syracuse-Hancock International,Syracuse,NY,2015,11
SYR,Syracuse-Hancock International,Syracuse,NY,2016,9
SYR,Syracuse-Hancock International,Syracuse,NY,2017,9
TBN,Forney Army Airfield,Fort Leonard Wood,MO,2015,2
TLH,Tallahassee Regional,Tallahassee,FL,2013,6
TLH,Tallahassee Regional,Tallahassee,FL,2014,9
TLH,Tallahassee Regional,Tallahassee,FL,2015,3
TLH,Tallahassee Regional,Tallahassee,FL,2016,3
TLH,Tallahassee Regional,Tallahassee,FL,2017,6
TOL,Toledo Express,Toledo,OH,2013,1
TOL,Toledo Express,Toledo,OH,2014,2
TOL,Toledo Express,Toledo,OH,2015,1
TOL,Toledo Express,Toledo,OH,2017,2
TPA,Tampa International,Tampa,FL,2013,137
TPA,Tampa International,Tampa,FL,2014,109
TPA,Tampa International,Tampa,FL,2015,88
TPA,Tampa International,Tampa,FL,2016,81
TPA,Tampa International,Tampa,FL,2017,88
TRI,Tri-Cities Regional,Bristol/Johnson/Kingsport,TN,2013,5
TRI,Tri-Cities Regional,Bristol/Johnson/Kingsport,TN,2014,13
TRI,Tri-Cities Regional,Bristol/Johnson/Kingsport,TN,2015,6
TRI,Tri-Cities Regional,Bristol/Johnson/Kingsport,TN,2016,5
TRI,Tri-Cities Regional,Bristol/Johnson/Kingsport,TN,2017,4
TSA,TSA - Non-Specified Airport,Unknown,Unknown,2014,6
TSA,TSA - Non-Specified Airport,Unknown,Unknown,2015,9
TSA,TSA - Non-Specified Airport,Unknown,Unknown,2016,1
TSA,TSA - Non-Specified Airport,Unknown,Unknown,2017,9
TTN,Trenton-Mercer,Trenton,NJ,2013,4
TTN,Trenton-Mercer,Trenton,NJ,2014,5
TTN,Trenton-Mercer,Trenton,NJ,2015,6
TTN,Trenton-Mercer,Trenton,NJ,2016,4
TTN,Trenton-Mercer,Trenton,NJ,2017,4
TUL,Tulsa International Airport,Tulsa,OK,2013,13
TUL,Tulsa International Airport,Tulsa,OK,2014,17
TUL,Tulsa International Airport,Tulsa,OK,2015,7
TUL,Tulsa International Airport,Tulsa,OK,2016,8
TUL,Tulsa International Airport,Tulsa,OK,2017,10
TUS,Tucson International,Tucson,AZ,2013,24
TUS,Tucson International,Tucson,AZ,2014,26
TUS,Tucson International,Tucson,AZ,2015,17
TUS,Tucson International,Tucson,AZ,2016,10
TUS,Tucson International,Tucson,AZ,2017,30
TVC,Cherry Capital Airport,Traverse City,MI,2013,3
TVC,Cherry Capital Airport,Traverse City,MI,2014,5
TVC,Cherry Capital Airport,Traverse City,MI,2015,2
TVC,Cherry Capital Airport,Traverse City,MI,2016,4
TVC,Cherry Capital Airport,Traverse City,MI,2017,4
TWF,Joslin Field Magic Valley,Twin Falls,ID,2013,1
TWF,Joslin Field Magic Valley,Twin Falls,ID,2014,2
TWF,Joslin Field Magic Valley,Twin Falls,ID,2017,1
TXK,Texarkana Regional Airport,Texarkana,AR,2013,1
TXK,Texarkana Regional Airport,Texarkana,AR,2015,4
TXK,Texarkana Regional Airport,Texarkana,AR,2016,1
TXK,Texarkana Regional Airport,Texarkana,AR,2017,1
TYR,Tyler Pounds Field,Tyler,TX,2013,3
TYR,Tyler Pounds Field,Tyler,TX,2014,7
TYR,Tyler Pounds Field,Tyler,TX,2015,3
TYR,Tyler Pounds Field,Tyler,TX,2016,1
TYR,Tyler Pounds Field,Tyler,TX,2017,3
TYS,"Mcghee Tyson ,Knoxville",Knoxville,TN,2013,14
TYS,"Mcghee Tyson ,Knoxville",Knoxville,TN,2014,6
TYS,"Mcghee Tyson ,Knoxville",Knoxville,TN,2015,6
TYS,"Mcghee Tyson ,Knoxville",Knoxville,TN,2016,8
TYS,"Mcghee Tyson ,Knoxville",Knoxville,TN,2017,7
UIN,Quincy Regional-Baldwin,Quincy,IL,2017,1
UNK,Unalakleet Airport,Unalakleet,AK,2015,1
UNV,University Park Airport,State College,PA,2014,2
UTA,Tunica Airport,Tunica,MS,2014,1
Unknown,Unknown,Unknown,Unknown,2013,84
Unknown,Unknown,Unknown,Unknown,2014,61
Unknown,Unknown,Unknown,Unknown,2015,55
Unknown,Unknown,Unknown,Unknown,2016,65
Unknown,Unknown,Unknown,Unknown,2017,82
VIS,Visalia Municipal,Visalia,CA,2013,2
VLD,Valdosta Municipal,Valdosta,GA,2013,2
VLD,Valdosta Municipal,Valdosta,GA,2015,2
VLD,Valdosta Municipal,Valdosta,GA,2017,1
VPS,Okaloosa/ Northwest Florida,Valparaiso/Destin-Ft Walton Beach,FL,2013,7
VPS,Okaloosa/ Northwest Florida,Valparaiso/Destin-Ft Walton Beach,FL,2014,5
VPS,Okaloosa/ Northwest Florida,Valparaiso/Destin-Ft Walton Beach,FL,2015,3
VPS,Okaloosa/ Northwest Florida,Valparaiso/Destin-Ft Walton Beach,FL,2016,3
VPS,Okaloosa/ Northwest Florida,Valparaiso/Destin-Ft Walton Beach,FL,2017,4
WRG,Wrangell,Wrangell,AK,2015,1
WRG,Wrangell,Wrangell,AK,2016,1
WRG,Wrangell,Wrangell,AK,2017,1
XNA,Northwest Arkansas Regional,Fayetteville/Springdale/Rogers,AR,2013,10
XNA,Northwest Arkansas Regional,Fayetteville/Springdale/Rogers,AR,2014,6
XNA,Northwest Arkansas Regional,Fayetteville/Springdale/Rogers,AR,2015,2
XNA,Northwest Arkansas Regional,Fayetteville/Springdale/Rogers,AR,2016,1
XNA,Northwest Arkansas Regional,Fayetteville/Springdale/Rogers,AR,2017,8
YAK,Yakutat,Yakutat,AK,2014,1
YAK,Yakutat,Yakutat,AK,2015,1
YKM,Yakima Air Terminal-Mcallister,Yakima,WA,2013,2
YKM,Yakima Air Terminal-Mcallister,Yakima,WA,2014,1
YKM,Yakima Air Terminal-Mcallister,Yakima,WA,2015,3
YKM,Yakima Air Terminal-Mcallister,Yakima,WA,2016,2
YKM,Yakima Air Terminal-Mcallister,Yakima,WA,2017,1
YNG,Youngstown-Warren Regional,Youngstown/Warren,OH,2013,2
YNG,Youngstown-Warren Regional,Youngstown/Warren,OH,2014,8
YNG,Youngstown-Warren Regional,Youngstown/Warren,OH,2015,3
YNG,Youngstown-Warren Regional,Youngstown/Warren,OH,2016,4
YUM,Yuma International Airport,Unknown,Unknown,2013,5
YUM,Yuma International Airport,Unknown,Unknown,2014,5
YUM,Yuma International Airport,Unknown,Unknown,2015,7
YUM,Yuma International Airport,Unknown,Unknown,2016,4
YUM,Yuma International Airport,Unknown,Unknown,2017,5
ZZX,Non TSA Airport (motor vehicle),Unknown,Unknown,2013,43
ZZX,Non TSA Airport (motor vehicle),Unknown,Unknown,2014,33
ZZX,Non TSA Airport (motor vehicle),Unknown,Unknown,2015,17
ZZX,Non TSA Airport (motor vehicle),Unknown,Unknown,2016,17
ZZX,Non TSA Airport (motor vehicle),Unknown,Unknown,2017,27
ZZZ,Unspecified,Unknown,Unknown,2013,5
ZZZ,Unspecified,Unknown,Unknown,2014,1
